edge_id,from_node_id,to_node_id,edge_type,indoor_map_id,is_bidirectional,description,is_elevator
ICT_3_E001,ICT_3_N001,ICT_3_N009,corridor,,,,
ICT_3_E002,ICT_3_N009,ICT_3_N002,corridor,,,,
ICT_3_E003,ICT_3_N002,ICT_3_N003,corridor,,,,
ICT_3_E004,ICT_3_N003,ICT_3_N011,corridor,,,,
ICT_3_E005,ICT_3_N011,ICT_3_N004,corridor,,,,
ICT_3_E006,ICT_3_N004,ICT_3_N005,corridor,,,,
ICT_3_E007,ICT_3_N005,ICT_3_N010,corridor,,,,
ICT_3_E008,ICT_3_N005,ICT_3_N006,corridor,,,,
ICT_3_E009,ICT_3_N011,ICT_3_N007,corridor,,,,
ICT_3_E010,ICT_3_N011,ICT_3_N008,corridor,,,,
ICT_4_E011,ICT_4_N012,ICT_4_N013,corridor,,,,
ICT_4_E012,ICT_4_N013,ICT_4_N014,corridor,,,,
ICT_4_E013,ICT_4_N014,ICT_4_N015,corridor,,,,
ICT_4_E014,ICT_4_N015,ICT_4_N016,corridor,,,,
ICT_4_E015,ICT_4_N016,ICT_4_N019,corridor,,,,
ICT_4_E016,ICT_4_N019,ICT_4_N020,corridor,,,,
ICT_4_E017,ICT_4_N020,ICT_4_N021,corridor,,,,
ICT_4_E018,ICT_4_N016,ICT_4_N018,corridor,,,,
ICT_4_E019,ICT_4_N016,ICT_4_N017,corridor,,,,
ICT_4_E020,ICT_4_N020,ICT_4_N022,corridor,,,,
ICT_34_E001,ICT_3_N001,ICT_4_N012,stair,,,,
ICT_34_E002,ICT_3_N006,ICT_4_N017,stair,,,,
ICT_34_E003,ICT_3_N007,ICT_4_N018,elevator,,,,
ICT_34_E004,ICT_3_N011,ICT_4_N022,stair,,,,
ICT_5_E021,ICT_5_N023,ICT_5_N024,corridor,,,,
ICT_5_E022,ICT_5_N024,ICT_5_N025,corridor,,,,
ICT_5_E023,ICT_5_N025,ICT_5_N026,corridor,,,,
ICT_5_E024,ICT_5_N026,ICT_5_N027,corridor,,,,
ICT_5_E025,ICT_5_N027,ICT_5_N030,corridor,,,,
ICT_5_E026,ICT_5_N030,ICT_5_N031,corridor,,,,
ICT_5_E027,ICT_5_N031,ICT_5_N032,corridor,,,,
ICT_5_E028,ICT_5_N027,ICT_5_N028,corridor,,,,
ICT_5_E029,ICT_5_N027,ICT_5_N029,corridor,,,,
ICT_5_E030,ICT_5_N031,ICT_5_N033,corridor,,,,
ICT_45_E005,ICT_4_N012,ICT_5_N023,stair,,,,
ICT_45_E006,ICT_4_N017,ICT_5_N028,stair,,,,
ICT_45_E007,ICT_4_N018,ICT_5_N029,elevator,,,,
ICT_45_E008,ICT_4_N022,ICT_5_N033,stair,,,,
ICT_2_E031,ICT_2_N034,ICT_2_N035,corridor,,,,
ICT_2_E032,ICT_2_N035,ICT_2_N036,corridor,,,,
ICT_2_E033,ICT_2_N036,ICT_2_N037,corridor,,,,
ICT_2_E034,ICT_2_N037,ICT_2_N038,corridor,,,,
ICT_2_E035,ICT_2_N038,ICT_2_N041,corridor,,,,
ICT_2_E036,ICT_2_N041,ICT_2_N042,corridor,,,,
ICT_2_E037,ICT_2_N042,ICT_2_N043,corridor,,,,
ICT_2_E038,ICT_2_N038,ICT_2_N039,corridor,,,,
ICT_2_E039,ICT_2_N038,ICT_2_N040,corridor,,,,
ICT_2_E040,ICT_2_N042,ICT_2_N044,corridor,,,,
ICT_2_E041,ICT_2_N035,ICT_2_N045,corridor,,,,
ICT_23_E009,ICT_2_N034,ICT_3_N001,stair,,,,
ICT_23_E010,ICT_2_N039,ICT_3_N006,stair,,,,
ICT_23_E011,ICT_2_N040,ICT_3_N007,elevator,,,,
ICT_23_E012,ICT_2_N044,ICT_3_N011,stair,,,,
ICT_1_E042,ICT_1_N046,ICT_1_N047,corridor,,,,
ICT_1_E043,ICT_1_N047,ICT_1_N061,corridor,,,,
ICT_1_E044,ICT_1_N061,ICT_1_N048,corridor,,,,
ICT_1_E045,ICT_1_N048,ICT_1_N049,corridor,,,,
ICT_1_E046,ICT_1_N049,ICT_1_N050,corridor,,,,
ICT_1_E047,ICT_1_N050,ICT_1_N053,corridor,,,,
ICT_1_E048,ICT_1_N053,ICT_1_N054,corridor,,,,
ICT_1_E049,ICT_1_N054,ICT_1_N055,corridor,,,,
ICT_1_E050,ICT_1_N055,ICT_1_N056,corridor,,,,
ICT_1_E051,ICT_1_N055,ICT_1_N057,corridor,,,,
ICT_1_E052,ICT_1_N061,ICT_1_N060,corridor,,,,
ICT_1_E053,ICT_1_N050,ICT_1_N051,corridor,,,,
ICT_1_E054,ICT_1_N050,ICT_1_N052,corridor,,,,
ICT_1_E055,ICT_1_N050,ICT_1_N059,corridor,,,,
ICT_1_E056,ICT_1_N053,ICT_1_N058,corridor,,,,
ICT_-1_E057,ICT_-1_N062,ICT_-1_N063,corridor,,,,
ICT_-1_E058,ICT_-1_N063,ICT_-1_N064,corridor,,,,
ICT_-1_E059,ICT_-1_N064,ICT_-1_N065,corridor,,,,
ICT_-1_E060,ICT_-1_N065,ICT_-1_N066,corridor,,,,
ICT_-1_E061,ICT_-1_N066,ICT_-1_N067,corridor,,,,
ICT_-1_E062,ICT_-1_N066,ICT_-1_N068,corridor,,,,
ICT_-1_E063,ICT_-1_N063,ICT_-1_N069,corridor,,,,
ICT_12_E013,ICT_1_N046,ICT_2_N034,stair,,,,
ICT_12_E014,ICT_1_N051,ICT_2_N039,stair,,,,
ICT_12_E015,ICT_1_N052,ICT_2_N040,elevator,,,,
ICT_12_E016,ICT_1_N057,ICT_2_N044,stair,,,,
ICT_-11_E017,ICT_-1_N062,ICT_1_N046,stair,,,,
ICT_-11_E018,ICT_-1_N067,ICT_1_N051,stair,,,,
ICT_-11_E019,ICT_-1_N068,ICT_1_N052,elevator,,,,
LIB_1_E001,LIB_1_N067,LIB_1_N068,corridor,,,,
LIB_1_E002,LIB_1_N068,LIB_1_N069,corridor,,,,
LIB_1_E003,LIB_1_N068,LIB_1_N073,corridor,,,,
LIB_1_E004,LIB_1_N069,LIB_1_N071,corridor,,,,
LIB_1_E005,LIB_1_N071,LIB_1_N072,corridor,,,,
LIB_1_E006,LIB_1_N073,LIB_1_N074,corridor,,,,
LIB_1_E007,LIB_1_N073,LIB_1_N076,corridor,,,,
LIB_1_E008,LIB_1_N074,LIB_1_N075,corridor,,,,
LIB_2_E009,LIB_2_N001,LIB_2_N002,corridor,,,,
LIB_2_E010,LIB_2_N002,LIB_2_N003,corridor,,,,
LIB_2_E011,LIB_2_N003,LIB_2_N004,corridor,,,,
LIB_2_E012,LIB_2_N004,LIB_2_N005,corridor,,,,
LIB_2_E013,LIB_2_N005,LIB_2_N006,corridor,,,,
LIB_2_E014,LIB_2_N006,LIB_2_N007,corridor,,,,
LIB_2_E015,LIB_2_N007,LIB_2_N008,corridor,,,,
LIB_2_E016,LIB_2_N008,LIB_2_N009,corridor,,,,
LIB_2_E017,LIB_2_N008,LIB_2_N010,corridor,,,,
LIB_2_E018,LIB_2_N005,LIB_2_N011,corridor,,,,
LIB_2_E019,LIB_2_N005,LIB_2_N012,corridor,,,,
LIB_2_E020,LIB_2_N005,LIB_2_N013,corridor,,,,
LIB_2_E021,LIB_2_N002,LIB_2_N015,corridor,,,,
LIB_2_E022,LIB_2_N003,LIB_2_N014,corridor,,,,
LIB_3_E023,LIB_3_N016,LIB_3_N017,corridor,,,,
LIB_3_E024,LIB_3_N017,LIB_3_N018,corridor,,,,
LIB_3_E025,LIB_3_N017,LIB_3_N019,corridor,,,,
LIB_3_E026,LIB_3_N017,LIB_3_N020,corridor,,,,
LIB_3_E027,LIB_3_N020,LIB_3_N021,corridor,,,,
LIB_3_E028,LIB_3_N020,LIB_3_N022,corridor,,,,
LIB_3_E029,LIB_3_N022,LIB_3_N023,corridor,,,,
LIB_3_E030,LIB_3_N022,LIB_3_N024,corridor,,,,
LIB_3_E031,LIB_3_N024,LIB_3_N025,corridor,,,,
LIB_3_E032,LIB_3_N019,LIB_3_N026,corridor,,,,
LIB_3_E033,LIB_3_N026,LIB_3_N030,corridor,,,,
LIB_3_E034,LIB_3_N030,LIB_3_N031,corridor,,,,
LIB_3_E035,LIB_3_N030,LIB_3_N027,corridor,,,,
LIB_3_E036,LIB_3_N026,LIB_3_N028,corridor,,,,
LIB_3_E037,LIB_3_N028,LIB_3_N029,corridor,,,,
LIB_4_E038,LIB_4_N032,LIB_4_N033,corridor,,,,
LIB_4_E039,LIB_4_N033,LIB_4_N034,corridor,,,,
LIB_4_E040,LIB_4_N033,LIB_4_N036,corridor,,,,
LIB_4_E041,LIB_4_N034,LIB_4_N035,corridor,,,,
LIB_4_E042,LIB_4_N034,LIB_4_N041,corridor,,,,
LIB_4_E043,LIB_4_N036,LIB_4_N037,corridor,,,,
LIB_4_E044,LIB_4_N037,LIB_4_N038,corridor,,,,
LIB_4_E045,LIB_4_N038,LIB_4_N039,corridor,,,,
LIB_4_E046,LIB_4_N039,LIB_4_N040,corridor,,,,
LIB_4_E047,LIB_4_N040,LIB_4_N042,corridor,,,,
LIB_4_E048,LIB_4_N040,LIB_4_N041,corridor,,,,
LIB_5_E049,LIB_5_N043,LIB_5_N044,corridor,,,,
LIB_5_E050,LIB_5_N044,LIB_5_N045,corridor,,,,
LIB_5_E051,LIB_5_N044,LIB_5_N047,corridor,,,,
LIB_5_E052,LIB_5_N045,LIB_5_N046,corridor,,,,
LIB_5_E053,LIB_5_N047,LIB_5_N048,corridor,,,,
LIB_5_E054,LIB_5_N048,LIB_5_N049,corridor,,,,
LIB_5_E055,LIB_5_N049,LIB_5_N050,corridor,,,,
LIB_5_E056,LIB_5_N050,LIB_5_N051,corridor,,,,
LIB_5_E057,LIB_5_N051,LIB_5_N052,corridor,,,,
LIB_5_E058,LIB_5_N052,LIB_5_N053,corridor,,,,
LIB_5_E059,LIB_5_N045,LIB_5_N053,corridor,,,,
LIB_5_E060,LIB_5_N052,LIB_5_N054,corridor,,,,
LIB_6_E061,LIB_6_N055,LIB_6_N056,corridor,,,,
LIB_6_E062,LIB_6_N056,LIB_6_N057,corridor,,,,
LIB_6_E063,LIB_6_N056,LIB_6_N059,corridor,,,,
LIB_6_E064,LIB_6_N059,LIB_6_N060,corridor,,,,
LIB_6_E065,LIB_6_N060,LIB_6_N061,corridor,,,,
LIB_6_E066,LIB_6_N061,LIB_6_N062,corridor,,,,
LIB_6_E067,LIB_6_N062,LIB_6_N063,corridor,,,,
LIB_6_E068,LIB_6_N063,LIB_6_N064,corridor,,,,
LIB_6_E069,LIB_6_N064,LIB_6_N065,corridor,,,,
LIB_6_E070,LIB_6_N064,LIB_6_N066,corridor,,,,
LIB_6_E071,LIB_6_N057,LIB_6_N065,corridor,,,,
LIB_6_E072,LIB_6_N057,LIB_6_N058,corridor,,,,
LIB_23_E001,LIB_2_N010,LIB_3_N025,stair,,,,
LIB_23_E002,LIB_2_N015,LIB_3_N016,stair,,,,
LIB_34_E003,LIB_3_N029,LIB_4_N042,stair,,,,
LIB_34_E004,LIB_3_N027,LIB_4_N035,elevator,,,,
LIB_45_E005,LIB_4_N042,LIB_5_N054,stair,,,,
LIB_45_E006,LIB_4_N032,LIB_5_N043,stair,,,,
LIB_45_E007,LIB_4_N035,LIB_5_N046,elevator,,,,
LIB_56_E008,LIB_5_N043,LIB_6_N055,stair,,,,
LIB_56_E009,LIB_5_N054,LIB_6_N066,stair,,,,
LIB_56_E010,LIB_5_N046,LIB_6_N058,elevator,,,,
SCI1_3_E001,SCI1_3_N001,SCI1_3_N002,corridor,,,,
SCI1_3_E002,SCI1_3_N002,SCI1_3_N003,corridor,,,,
SCI1_3_E003,SCI1_3_N002,SCI1_3_N004,corridor,,,,
SCI1_3_E004,SCI1_3_N004,SCI1_3_N005,corridor,,,,
SCI1_3_E005,SCI1_3_N004,SCI1_3_N006,corridor,,,,
SCI1_3_E006,SCI1_3_N006,SCI1_3_N007,corridor,,,,
SCI1_3_E007,SCI1_3_N007,SCI1_3_N008,corridor,,,,
SCI1_3_E008,SCI1_3_N008,SCI1_3_N009,corridor,,,,
SCI1_3_E009,SCI1_3_N009,SCI1_3_N010,corridor,,,,
SCI1_3_E010,SCI1_3_N009,SCI1_3_N011,corridor,,,,
SCI1_3_E011,SCI1_3_N009,SCI1_3_N013,corridor,,,,
SCI1_3_E012,SCI1_3_N011,SCI1_3_N012,corridor,,,,
SCI1_3_E013,SCI1_3_N013,SCI1_3_N014,corridor,,,,
SCI1_3_E014,SCI1_3_N014,SCI1_3_N015,corridor,,,,
SCI2_2_E015,SCI2_2_N016,SCI2_2_N017,corridor,,,,
SCI2_2_E016,SCI2_2_N017,SCI2_2_N018,corridor,,,,
SCI2_2_E017,SCI2_2_N017,SCI2_2_N019,corridor,,,,
SCI2_2_E018,SCI2_2_N019,SCI2_2_N020,corridor,,,,
SCI2_2_E019,SCI2_2_N019,SCI2_2_N021,corridor,,,,
SCI2_2_E020,SCI2_2_N021,SCI2_2_N022,corridor,,,,
SCI2_2_E021,SCI2_2_N022,SCI2_2_N023,corridor,,,,
SCI2_2_E022,SCI2_2_N023,SCI2_2_N024,corridor,,,,
SCI2_2_E023,SCI2_2_N024,SCI2_2_N025,corridor,,,,
SCI2_2_E024,SCI2_2_N024,SCI2_2_N027,corridor,,,,
SCI2_2_E025,SCI2_2_N025,SCI2_2_N026,corridor,,,,
SCI2_2_E026,SCI2_2_N027,SCI2_2_N028,corridor,,,,
SCI2_2_E027,SCI2_2_N028,SCI2_2_N029,corridor,,,,
SCI2_4_E028,SCI2_4_N030,SCI2_4_N031,corridor,,,,
SCI2_4_E029,SCI2_4_N031,SCI2_4_N032,corridor,,,,
SCI2_4_E030,SCI2_4_N031,SCI2_4_N033,corridor,,,,
SCI2_4_E031,SCI2_4_N033,SCI2_4_N034,corridor,,,,
SCI2_4_E032,SCI2_4_N033,SCI2_4_N035,corridor,,,,
SCI2_4_E033,SCI2_4_N035,SCI2_4_N036,corridor,,,,
SCI2_4_E034,SCI2_4_N036,SCI2_4_N037,corridor,,,,
SCI2_4_E035,SCI2_4_N037,SCI2_4_N038,corridor,,,,
SCI2_4_E036,SCI2_4_N038,SCI2_4_N039,corridor,,,,
SCI2_4_E037,SCI2_4_N038,SCI2_4_N041,corridor,,,,
SCI2_4_E038,SCI2_4_N038,SCI2_4_N042,corridor,,,,
SCI2_4_E039,SCI2_4_N039,SCI2_4_N040,corridor,,,,
SCI2_4_E040,SCI2_4_N042,SCI2_4_N043,corridor,,,,
SCI2_4_E041,SCI2_4_N043,SCI2_4_N044,corridor,,,,
SCI3_3_E042,SCI3_3_N045,SCI3_3_N046,corridor,,,,
SCI3_3_E043,SCI3_3_N046,SCI3_3_N047,corridor,,,,
SCI3_3_E044,SCI3_3_N046,SCI3_3_N048,corridor,,,,
SCI3_3_E045,SCI3_3_N048,SCI3_3_N049,corridor,,,,
SCI3_3_E046,SCI3_3_N048,SCI3_3_N050,corridor,,,,
SCI3_3_E047,SCI3_3_N050,SCI3_3_N051,corridor,,,,
SCI3_3_E048,SCI3_3_N051,SCI3_3_N052,corridor,,,,
SCI3_3_E049,SCI3_3_N052,SCI3_3_N053,corridor,,,,
SCI3_3_E050,SCI3_3_N053,SCI3_3_N054,corridor,,,,
SCI3_3_E051,SCI3_3_N053,SCI3_3_N056,corridor,,,,
SCI3_3_E052,SCI3_3_N054,SCI3_3_N055,corridor,,,,
SCI3_3_E053,SCI3_3_N056,SCI3_3_N057,corridor,,,,
SCI3_3_E054,SCI3_3_N057,SCI3_3_N058,corridor,,,,
SCI12_E001,SCI1_3_N010,SCI2_2_N029,bridge,,,,
SCI23_E002,SCI2_4_N041,SCI3_3_N058,bridge,,,,
AUTO_SCI_E0001,SCI1_1_R_101,SCI1_1_R_102,corridor,MAP_DKU_SCI1_1F,True,auto-generated floor connectivity from evacuation PDF room labels,
AUTO_SCI_E0002,SCI1_1_R_102,SCI1_1_R_103,corridor,MAP_DKU_SCI1_1F,True,auto-generated floor connectivity from evacuation PDF room labels,
AUTO_SCI_E0003,SCI1_1_R_103,SCI1_1_R_104,corridor,MAP_DKU_SCI1_1F,True,auto-generated floor connectivity from evacuation PDF room labels,
AUTO_SCI_E0004,SCI1_1_R_101,SCI1_1_R_113,corridor,MAP_DKU_SCI1_1F,True,auto-generated floor connectivity from evacuation PDF room labels,
AUTO_SCI_E0005,SCI1_1_R_113,SCI1_1_R_113_1,corridor,MAP_DKU_SCI1_1F,True,auto-generated floor connectivity from evacuation PDF room labels,
AUTO_SCI_E0006,SCI1_1_R_113_1,SCI1_1_R_105,corridor,MAP_DKU_SCI1_1F,True,auto-generated floor connectivity from evacuation PDF room labels,
AUTO_SCI_E0007,SCI1_1_R_105,SCI1_1_R_106,corridor,MAP_DKU_SCI1_1F,True,auto-generated floor connectivity from evacuation PDF room labels,
AUTO_SCI_E0008,SCI1_1_R_106,SCI1_1_R_107,corridor,MAP_DKU_SCI1_1F,True,auto-generated floor connectivity from evacuation PDF room labels,
AUTO_SCI_E0009,SCI1_1_R_107,SCI1_1_R_108,corridor,MAP_DKU_SCI1_1F,True,auto-generated floor connectivity from evacuation PDF room labels,
AUTO_SCI_E0010,SCI1_1_R_106,SCI1_1_R_112,corridor,MAP_DKU_SCI1_1F,True,auto-generated floor connectivity from evacuation PDF room labels,
AUTO_SCI_E0011,SCI1_1_R_108,SCI1_1_R_111,corridor,MAP_DKU_SCI1_1F,True,auto-generated floor connectivity from evacuation PDF room labels,
AUTO_SCI_E0012,SCI1_1_R_111,SCI1_1_R_110,corridor,MAP_DKU_SCI1_1F,True,auto-generated floor connectivity from evacuation PDF room labels,
AUTO_SCI_E0013,SCI1_1_R_101,SCI1_1_V001,corridor,MAP_DKU_SCI1_1F,True,auto-generated floor connectivity from evacuation PDF room labels,
AUTO_SCI_E0014,SCI1_2_R_201,SCI1_2_R_202,corridor,MAP_DKU_SCI1_2F,True,auto-generated floor connectivity from evacuation PDF room labels,
AUTO_SCI_E0015,SCI1_2_R_202,SCI1_2_R_203,corridor,MAP_DKU_SCI1_2F,True,auto-generated floor connectivity from evacuation PDF room labels,
AUTO_SCI_E0016,SCI1_2_R_203,SCI1_2_R_204,corridor,MAP_DKU_SCI1_2F,True,auto-generated floor connectivity from evacuation PDF room labels,
AUTO_SCI_E0017,SCI1_2_R_203,SCI1_2_R_221,corridor,MAP_DKU_SCI1_2F,True,auto-generated floor connectivity from evacuation PDF room labels,
AUTO_SCI_E0018,SCI1_2_R_221,SCI1_2_R_220,corridor,MAP_DKU_SCI1_2F,True,auto-generated floor connectivity from evacuation PDF room labels,
AUTO_SCI_E0019,SCI1_2_R_220,SCI1_2_R_219,corridor,MAP_DKU_SCI1_2F,True,auto-generated floor connectivity from evacuation PDF room labels,
AUTO_SCI_E0020,SCI1_2_R_219,SCI1_2_R_218,corridor,MAP_DKU_SCI1_2F,True,auto-generated floor connectivity from evacuation PDF room labels,
AUTO_SCI_E0021,SCI1_2_R_218,SCI1_2_R_217,corridor,MAP_DKU_SCI1_2F,True,auto-generated floor connectivity from evacuation PDF room labels,
AUTO_SCI_E0022,SCI1_2_R_217,SCI1_2_R_216,corridor,MAP_DKU_SCI1_2F,True,auto-generated floor connectivity from evacuation PDF room labels,
AUTO_SCI_E0023,SCI1_2_R_216,SCI1_2_R_215,corridor,MAP_DKU_SCI1_2F,True,auto-generated floor connectivity from evacuation PDF room labels,
AUTO_SCI_E0024,SCI1_2_R_217,SCI1_2_R_205,corridor,MAP_DKU_SCI1_2F,True,auto-generated floor connectivity from evacuation PDF room labels,
AUTO_SCI_E0025,SCI1_2_R_215,SCI1_2_V001,corridor,MAP_DKU_SCI1_2F,True,auto-generated floor connectivity from evacuation PDF room labels,
AUTO_SCI_E0026,SCI1_2_V001,SCI1_2_R_206,corridor,MAP_DKU_SCI1_2F,True,auto-generated floor connectivity from evacuation PDF room labels,
AUTO_SCI_E0027,SCI1_2_R_206,SCI1_2_R_207,corridor,MAP_DKU_SCI1_2F,True,auto-generated floor connectivity from evacuation PDF room labels,
AUTO_SCI_E0028,SCI1_2_R_207,SCI1_2_R_208,corridor,MAP_DKU_SCI1_2F,True,auto-generated floor connectivity from evacuation PDF room labels,
AUTO_SCI_E0029,SCI1_2_R_208,SCI1_2_R_209,corridor,MAP_DKU_SCI1_2F,True,auto-generated floor connectivity from evacuation PDF room labels,
AUTO_SCI_E0030,SCI1_2_V001,SCI1_2_R_214,corridor,MAP_DKU_SCI1_2F,True,auto-generated floor connectivity from evacuation PDF room labels,
AUTO_SCI_E0031,SCI1_2_R_214,SCI1_2_R_213,corridor,MAP_DKU_SCI1_2F,True,auto-generated floor connectivity from evacuation PDF room labels,
AUTO_SCI_E0032,SCI1_2_R_213,SCI1_2_R_212,corridor,MAP_DKU_SCI1_2F,True,auto-generated floor connectivity from evacuation PDF room labels,
AUTO_SCI_E0033,SCI1_2_R_212,SCI1_2_R_211,corridor,MAP_DKU_SCI1_2F,True,auto-generated floor connectivity from evacuation PDF room labels,
AUTO_SCI_E0034,SCI1_2_R_211,SCI1_2_R_210,corridor,MAP_DKU_SCI1_2F,True,auto-generated floor connectivity from evacuation PDF room labels,
AUTO_SCI_E0035,SCI1_2_R_221,SCI1_2_R_222,corridor,MAP_DKU_SCI1_2F,True,auto-generated floor connectivity from evacuation PDF room labels,
AUTO_SCI_E0036,SCI1_2_R_222,SCI1_2_R_223,corridor,MAP_DKU_SCI1_2F,True,auto-generated floor connectivity from evacuation PDF room labels,
AUTO_SCI_E0037,SCI1_2_R_223,SCI1_2_R_224,corridor,MAP_DKU_SCI1_2F,True,auto-generated floor connectivity from evacuation PDF room labels,
AUTO_SCI_E0038,SCI1_2_R_224,SCI1_2_R_225,corridor,MAP_DKU_SCI1_2F,True,auto-generated floor connectivity from evacuation PDF room labels,
AUTO_SCI_E0039,SCI1_2_R_222,SCI1_2_R_229,corridor,MAP_DKU_SCI1_2F,True,auto-generated floor connectivity from evacuation PDF room labels,
AUTO_SCI_E0040,SCI1_2_R_229,SCI1_2_R_228,corridor,MAP_DKU_SCI1_2F,True,auto-generated floor connectivity from evacuation PDF room labels,
AUTO_SCI_E0041,SCI1_2_R_228,SCI1_2_R_227,corridor,MAP_DKU_SCI1_2F,True,auto-generated floor connectivity from evacuation PDF room labels,
AUTO_SCI_E0042,SCI1_2_R_225,SCI1_2_R_226,corridor,MAP_DKU_SCI1_2F,True,auto-generated floor connectivity from evacuation PDF room labels,
AUTO_SCI_E0043,SCI1_3_R_327_1,SCI1_3_V001,corridor,MAP_DKU_SCI1_3F,True,auto-generated floor connectivity from evacuation PDF room labels,
AUTO_SCI_E0044,SCI1_3_V001,SCI1_3_N001,corridor,MAP_DKU_SCI1_3F,True,auto-generated connector to curated bridge graph,
AUTO_SCI_E0045,SCI1_4_R_401,SCI1_4_R_401_1,corridor,MAP_DKU_SCI1_4F,True,auto-generated floor connectivity from evacuation PDF room labels,
AUTO_SCI_E0046,SCI1_4_R_401_1,SCI1_4_R_401_2,corridor,MAP_DKU_SCI1_4F,True,auto-generated floor connectivity from evacuation PDF room labels,
AUTO_SCI_E0047,SCI1_4_R_401_2,SCI1_4_R_402_2,corridor,MAP_DKU_SCI1_4F,True,auto-generated floor connectivity from evacuation PDF room labels,
AUTO_SCI_E0048,SCI1_4_R_402_2,SCI1_4_R_402_1,corridor,MAP_DKU_SCI1_4F,True,auto-generated floor connectivity from evacuation PDF room labels,
AUTO_SCI_E0049,SCI1_4_R_402_1,SCI1_4_R_402,corridor,MAP_DKU_SCI1_4F,True,auto-generated floor connectivity from evacuation PDF room labels,
AUTO_SCI_E0050,SCI1_4_R_402_2,SCI1_4_R_414_2,corridor,MAP_DKU_SCI1_4F,True,auto-generated floor connectivity from evacuation PDF room labels,
AUTO_SCI_E0051,SCI1_4_R_414_2,SCI1_4_R_414_1,corridor,MAP_DKU_SCI1_4F,True,auto-generated floor connectivity from evacuation PDF room labels,
AUTO_SCI_E0052,SCI1_4_R_414_1,SCI1_4_R_414,corridor,MAP_DKU_SCI1_4F,True,auto-generated floor connectivity from evacuation PDF room labels,
AUTO_SCI_E0053,SCI1_4_R_414,SCI1_4_R_415,corridor,MAP_DKU_SCI1_4F,True,auto-generated floor connectivity from evacuation PDF room labels,
AUTO_SCI_E0054,SCI1_4_R_414_2,SCI1_4_R_414_3,corridor,MAP_DKU_SCI1_4F,True,auto-generated floor connectivity from evacuation PDF room labels,
AUTO_SCI_E0055,SCI1_4_R_414_3,SCI1_4_R_413,corridor,MAP_DKU_SCI1_4F,True,auto-generated floor connectivity from evacuation PDF room labels,
AUTO_SCI_E0056,SCI1_4_R_413,SCI1_4_R_412,corridor,MAP_DKU_SCI1_4F,True,auto-generated floor connectivity from evacuation PDF room labels,
AUTO_SCI_E0057,SCI1_4_R_415,SCI1_4_R_416,corridor,MAP_DKU_SCI1_4F,True,auto-generated floor connectivity from evacuation PDF room labels,
AUTO_SCI_E0058,SCI1_4_R_416,SCI1_4_R_417,corridor,MAP_DKU_SCI1_4F,True,auto-generated floor connectivity from evacuation PDF room labels,
AUTO_SCI_E0059,SCI1_4_R_417,SCI1_4_R_417_1,corridor,MAP_DKU_SCI1_4F,True,auto-generated floor connectivity from evacuation PDF room labels,
AUTO_SCI_E0060,SCI1_4_R_417_1,SCI1_4_R_418,corridor,MAP_DKU_SCI1_4F,True,auto-generated floor connectivity from evacuation PDF room labels,
AUTO_SCI_E0061,SCI1_4_R_416,SCI1_4_R_421,corridor,MAP_DKU_SCI1_4F,True,auto-generated floor connectivity from evacuation PDF room labels,
AUTO_SCI_E0062,SCI1_4_R_421,SCI1_4_R_420,corridor,MAP_DKU_SCI1_4F,True,auto-generated floor connectivity from evacuation PDF room labels,
AUTO_SCI_E0063,SCI1_4_R_420,SCI1_4_R_419_1,corridor,MAP_DKU_SCI1_4F,True,auto-generated floor connectivity from evacuation PDF room labels,
AUTO_SCI_E0064,SCI1_4_R_419_1,SCI1_4_R_419,corridor,MAP_DKU_SCI1_4F,True,auto-generated floor connectivity from evacuation PDF room labels,
AUTO_SCI_E0065,SCI1_4_R_412,SCI1_4_R_411,corridor,MAP_DKU_SCI1_4F,True,auto-generated floor connectivity from evacuation PDF room labels,
AUTO_SCI_E0066,SCI1_4_R_411,SCI1_4_R_410,corridor,MAP_DKU_SCI1_4F,True,auto-generated floor connectivity from evacuation PDF room labels,
AUTO_SCI_E0067,SCI1_4_R_410,SCI1_4_R_409,corridor,MAP_DKU_SCI1_4F,True,auto-generated floor connectivity from evacuation PDF room labels,
AUTO_SCI_E0068,SCI1_4_R_409,SCI1_4_R_408,corridor,MAP_DKU_SCI1_4F,True,auto-generated floor connectivity from evacuation PDF room labels,
AUTO_SCI_E0069,SCI1_4_R_408,SCI1_4_R_407,corridor,MAP_DKU_SCI1_4F,True,auto-generated floor connectivity from evacuation PDF room labels,
AUTO_SCI_E0070,SCI1_4_R_411,SCI1_4_V001,corridor,MAP_DKU_SCI1_4F,True,auto-generated floor connectivity from evacuation PDF room labels,
AUTO_SCI_E0071,SCI1_4_V001,SCI1_4_R_403,corridor,MAP_DKU_SCI1_4F,True,auto-generated floor connectivity from evacuation PDF room labels,
AUTO_SCI_E0072,SCI1_4_R_403,SCI1_4_R_404,corridor,MAP_DKU_SCI1_4F,True,auto-generated floor connectivity from evacuation PDF room labels,
AUTO_SCI_E0073,SCI1_4_R_404,SCI1_4_R_405,corridor,MAP_DKU_SCI1_4F,True,auto-generated floor connectivity from evacuation PDF room labels,
AUTO_SCI_E0074,SCI1_4_R_405,SCI1_4_R_406,corridor,MAP_DKU_SCI1_4F,True,auto-generated floor connectivity from evacuation PDF room labels,
AUTO_SCI_E0075,SCI1_5_R_501,SCI1_5_R_502,corridor,MAP_DKU_SCI1_5F,True,auto-generated floor connectivity from evacuation PDF room labels,
AUTO_SCI_E0076,SCI1_5_R_502,SCI1_5_R_503,corridor,MAP_DKU_SCI1_5F,True,auto-generated floor connectivity from evacuation PDF room labels,
AUTO_SCI_E0077,SCI1_5_R_503,SCI1_5_R_518,corridor,MAP_DKU_SCI1_5F,True,auto-generated floor connectivity from evacuation PDF room labels,
AUTO_SCI_E0078,SCI1_5_R_518,SCI1_5_R_517,corridor,MAP_DKU_SCI1_5F,True,auto-generated floor connectivity from evacuation PDF room labels,
AUTO_SCI_E0079,SCI1_5_R_517,SCI1_5_R_516,corridor,MAP_DKU_SCI1_5F,True,auto-generated floor connectivity from evacuation PDF room labels,
AUTO_SCI_E0080,SCI1_5_R_516,SCI1_5_R_515,corridor,MAP_DKU_SCI1_5F,True,auto-generated floor connectivity from evacuation PDF room labels,
AUTO_SCI_E0081,SCI1_5_R_518,SCI1_5_R_519,corridor,MAP_DKU_SCI1_5F,True,auto-generated floor connectivity from evacuation PDF room labels,
AUTO_SCI_E0082,SCI1_5_R_516,SCI1_5_R_504,corridor,MAP_DKU_SCI1_5F,True,auto-generated floor connectivity from evacuation PDF room labels,
AUTO_SCI_E0083,SCI1_5_R_504,SCI1_5_R_505,corridor,MAP_DKU_SCI1_5F,True,auto-generated floor connectivity from evacuation PDF room labels,
AUTO_SCI_E0084,SCI1_5_R_505,SCI1_5_V001,corridor,MAP_DKU_SCI1_5F,True,auto-generated floor connectivity from evacuation PDF room labels,
AUTO_SCI_E0085,SCI1_5_V001,SCI1_5_R_506,corridor,MAP_DKU_SCI1_5F,True,auto-generated floor connectivity from evacuation PDF room labels,
AUTO_SCI_E0086,SCI1_5_R_506,SCI1_5_R_507,corridor,MAP_DKU_SCI1_5F,True,auto-generated floor connectivity from evacuation PDF room labels,
AUTO_SCI_E0087,SCI1_5_R_507,SCI1_5_R_508,corridor,MAP_DKU_SCI1_5F,True,auto-generated floor connectivity from evacuation PDF room labels,
AUTO_SCI_E0088,SCI1_5_R_508,SCI1_5_R_509,corridor,MAP_DKU_SCI1_5F,True,auto-generated floor connectivity from evacuation PDF room labels,
AUTO_SCI_E0089,SCI1_5_V001,SCI1_5_R_514,corridor,MAP_DKU_SCI1_5F,True,auto-generated floor connectivity from evacuation PDF room labels,
AUTO_SCI_E0090,SCI1_5_R_514,SCI1_5_R_513,corridor,MAP_DKU_SCI1_5F,True,auto-generated floor connectivity from evacuation PDF room labels,
AUTO_SCI_E0091,SCI1_5_R_513,SCI1_5_R_512,corridor,MAP_DKU_SCI1_5F,True,auto-generated floor connectivity from evacuation PDF room labels,
AUTO_SCI_E0092,SCI1_5_R_512,SCI1_5_R_511,corridor,MAP_DKU_SCI1_5F,True,auto-generated floor connectivity from evacuation PDF room labels,
AUTO_SCI_E0093,SCI1_5_R_511,SCI1_5_R_510,corridor,MAP_DKU_SCI1_5F,True,auto-generated floor connectivity from evacuation PDF room labels,
AUTO_SCI_E0094,SCI1_5_R_519,SCI1_5_R_520,corridor,MAP_DKU_SCI1_5F,True,auto-generated floor connectivity from evacuation PDF room labels,
AUTO_SCI_E0095,SCI1_5_R_520,SCI1_5_R_525,corridor,MAP_DKU_SCI1_5F,True,auto-generated floor connectivity from evacuation PDF room labels,
AUTO_SCI_E0096,SCI1_5_R_525,SCI1_5_R_524,corridor,MAP_DKU_SCI1_5F,True,auto-generated floor connectivity from evacuation PDF room labels,
AUTO_SCI_E0097,SCI1_5_R_524,SCI1_5_R_523,corridor,MAP_DKU_SCI1_5F,True,auto-generated floor connectivity from evacuation PDF room labels,
AUTO_SCI_E0098,SCI1_5_R_523,SCI1_5_R_522,corridor,MAP_DKU_SCI1_5F,True,auto-generated floor connectivity from evacuation PDF room labels,
AUTO_SCI_E0099,SCI1_5_R_522,SCI1_5_R_521,corridor,MAP_DKU_SCI1_5F,True,auto-generated floor connectivity from evacuation PDF room labels,
AUTO_SCI_E0100,SCI2_1_R_101,SCI2_1_R_102,corridor,MAP_DKU_SCI2_1F,True,auto-generated floor connectivity from evacuation PDF room labels,
AUTO_SCI_E0101,SCI2_1_R_102,SCI2_1_R_103,corridor,MAP_DKU_SCI2_1F,True,auto-generated floor connectivity from evacuation PDF room labels,
AUTO_SCI_E0102,SCI2_1_R_103,SCI2_1_R_104,corridor,MAP_DKU_SCI2_1F,True,auto-generated floor connectivity from evacuation PDF room labels,
AUTO_SCI_E0103,SCI2_1_R_104,SCI2_1_R_104_1,corridor,MAP_DKU_SCI2_1F,True,auto-generated floor connectivity from evacuation PDF room labels,
AUTO_SCI_E0104,SCI2_1_R_104_1,SCI2_1_R_105,corridor,MAP_DKU_SCI2_1F,True,auto-generated floor connectivity from evacuation PDF room labels,
AUTO_SCI_E0105,SCI2_1_R_105,SCI2_1_R_110_1,corridor,MAP_DKU_SCI2_1F,True,auto-generated floor connectivity from evacuation PDF room labels,
AUTO_SCI_E0106,SCI2_1_R_110_1,SCI2_1_R_110_2,corridor,MAP_DKU_SCI2_1F,True,auto-generated floor connectivity from evacuation PDF room labels,
AUTO_SCI_E0107,SCI2_1_R_110_1,SCI2_1_R_110,corridor,MAP_DKU_SCI2_1F,True,auto-generated floor connectivity from evacuation PDF room labels,
AUTO_SCI_E0108,SCI2_1_R_110_2,SCI2_1_R_109,corridor,MAP_DKU_SCI2_1F,True,auto-generated floor connectivity from evacuation PDF room labels,
AUTO_SCI_E0109,SCI2_1_R_110,SCI2_1_R_111,corridor,MAP_DKU_SCI2_1F,True,auto-generated floor connectivity from evacuation PDF room labels,
AUTO_SCI_E0110,SCI2_1_R_109,SCI2_1_R_108,corridor,MAP_DKU_SCI2_1F,True,auto-generated floor connectivity from evacuation PDF room labels,
AUTO_SCI_E0111,SCI2_1_R_108,SCI2_1_R_107_1,corridor,MAP_DKU_SCI2_1F,True,auto-generated floor connectivity from evacuation PDF room labels,
AUTO_SCI_E0112,SCI2_1_R_107_1,SCI2_1_R_107,corridor,MAP_DKU_SCI2_1F,True,auto-generated floor connectivity from evacuation PDF room labels,
AUTO_SCI_E0113,SCI2_1_R_107,SCI2_1_R_106,corridor,MAP_DKU_SCI2_1F,True,auto-generated floor connectivity from evacuation PDF room labels,
AUTO_SCI_E0114,SCI2_1_R_101,SCI2_1_V001,corridor,MAP_DKU_SCI2_1F,True,auto-generated floor connectivity from evacuation PDF room labels,
AUTO_SCI_E0115,SCI2_2_R_220_1,SCI2_2_R_221_1,corridor,MAP_DKU_SCI2_2F,True,auto-generated floor connectivity from evacuation PDF room labels,
AUTO_SCI_E0116,SCI2_2_R_220_1,SCI2_2_V001,corridor,MAP_DKU_SCI2_2F,True,auto-generated floor connectivity from evacuation PDF room labels,
AUTO_SCI_E0117,SCI2_2_V001,SCI2_2_N016,corridor,MAP_DKU_SCI2_2F,True,auto-generated connector to curated bridge graph,
AUTO_SCI_E0118,SCI2_3_R_301,SCI2_3_R_302,corridor,MAP_DKU_SCI2_3F,True,auto-generated floor connectivity from evacuation PDF room labels,
AUTO_SCI_E0119,SCI2_3_R_302,SCI2_3_R_303,corridor,MAP_DKU_SCI2_3F,True,auto-generated floor connectivity from evacuation PDF room labels,
AUTO_SCI_E0120,SCI2_3_R_303,SCI2_3_R_304,corridor,MAP_DKU_SCI2_3F,True,auto-generated floor connectivity from evacuation PDF room labels,
AUTO_SCI_E0121,SCI2_3_R_304,SCI2_3_R_305,corridor,MAP_DKU_SCI2_3F,True,auto-generated floor connectivity from evacuation PDF room labels,
AUTO_SCI_E0122,SCI2_3_R_305,SCI2_3_R_305_1,corridor,MAP_DKU_SCI2_3F,True,auto-generated floor connectivity from evacuation PDF room labels,
AUTO_SCI_E0123,SCI2_3_R_305_1,SCI2_3_R_306,corridor,MAP_DKU_SCI2_3F,True,auto-generated floor connectivity from evacuation PDF room labels,
AUTO_SCI_E0124,SCI2_3_R_305_1,SCI2_3_R_316,corridor,MAP_DKU_SCI2_3F,True,auto-generated floor connectivity from evacuation PDF room labels,
AUTO_SCI_E0125,SCI2_3_R_316,SCI2_3_R_316_1,corridor,MAP_DKU_SCI2_3F,True,auto-generated floor connectivity from evacuation PDF room labels,
AUTO_SCI_E0126,SCI2_3_R_316_1,SCI2_3_R_317,corridor,MAP_DKU_SCI2_3F,True,auto-generated floor connectivity from evacuation PDF room labels,
AUTO_SCI_E0127,SCI2_3_R_317,SCI2_3_R_318,corridor,MAP_DKU_SCI2_3F,True,auto-generated floor connectivity from evacuation PDF room labels,
AUTO_SCI_E0128,SCI2_3_R_318,SCI2_3_R_319,corridor,MAP_DKU_SCI2_3F,True,auto-generated floor connectivity from evacuation PDF room labels,
AUTO_SCI_E0129,SCI2_3_R_306,SCI2_3_V001,corridor,MAP_DKU_SCI2_3F,True,auto-generated floor connectivity from evacuation PDF room labels,
AUTO_SCI_E0130,SCI2_3_V001,SCI2_3_R_307,corridor,MAP_DKU_SCI2_3F,True,auto-generated floor connectivity from evacuation PDF room labels,
AUTO_SCI_E0131,SCI2_3_R_307,SCI2_3_R_308,corridor,MAP_DKU_SCI2_3F,True,auto-generated floor connectivity from evacuation PDF room labels,
AUTO_SCI_E0132,SCI2_3_R_308,SCI2_3_R_309,corridor,MAP_DKU_SCI2_3F,True,auto-generated floor connectivity from evacuation PDF room labels,
AUTO_SCI_E0133,SCI2_3_R_309,SCI2_3_R_310,corridor,MAP_DKU_SCI2_3F,True,auto-generated floor connectivity from evacuation PDF room labels,
AUTO_SCI_E0134,SCI2_3_R_308,SCI2_3_R_313,corridor,MAP_DKU_SCI2_3F,True,auto-generated floor connectivity from evacuation PDF room labels,
AUTO_SCI_E0135,SCI2_3_R_313,SCI2_3_R_314,corridor,MAP_DKU_SCI2_3F,True,auto-generated floor connectivity from evacuation PDF room labels,
AUTO_SCI_E0136,SCI2_3_R_314,SCI2_3_R_315,corridor,MAP_DKU_SCI2_3F,True,auto-generated floor connectivity from evacuation PDF room labels,
AUTO_SCI_E0137,SCI2_3_R_313,SCI2_3_R_312,corridor,MAP_DKU_SCI2_3F,True,auto-generated floor connectivity from evacuation PDF room labels,
AUTO_SCI_E0138,SCI2_3_R_312,SCI2_3_R_311,corridor,MAP_DKU_SCI2_3F,True,auto-generated floor connectivity from evacuation PDF room labels,
AUTO_SCI_E0139,SCI2_3_R_319,SCI2_3_R_320,corridor,MAP_DKU_SCI2_3F,True,auto-generated floor connectivity from evacuation PDF room labels,
AUTO_SCI_E0140,SCI2_3_R_320,SCI2_3_R_321,corridor,MAP_DKU_SCI2_3F,True,auto-generated floor connectivity from evacuation PDF room labels,
AUTO_SCI_E0141,SCI2_3_R_321,SCI2_3_R_322,corridor,MAP_DKU_SCI2_3F,True,auto-generated floor connectivity from evacuation PDF room labels,
AUTO_SCI_E0142,SCI2_3_R_322,SCI2_3_R_323,corridor,MAP_DKU_SCI2_3F,True,auto-generated floor connectivity from evacuation PDF room labels,
AUTO_SCI_E0143,SCI2_3_R_323,SCI2_3_R_324,corridor,MAP_DKU_SCI2_3F,True,auto-generated floor connectivity from evacuation PDF room labels,
AUTO_SCI_E0144,SCI2_3_R_324,SCI2_3_R_325,corridor,MAP_DKU_SCI2_3F,True,auto-generated floor connectivity from evacuation PDF room labels,
AUTO_SCI_E0145,SCI2_3_R_325,SCI2_3_R_326,corridor,MAP_DKU_SCI2_3F,True,auto-generated floor connectivity from evacuation PDF room labels,
AUTO_SCI_E0146,SCI2_4_R_401_1,SCI2_4_R_415_1,corridor,MAP_DKU_SCI2_4F,True,auto-generated floor connectivity from evacuation PDF room labels,
AUTO_SCI_E0147,SCI2_4_R_415_1,SCI2_4_R_402_1,corridor,MAP_DKU_SCI2_4F,True,auto-generated floor connectivity from evacuation PDF room labels,
AUTO_SCI_E0148,SCI2_4_R_401_1,SCI2_4_R_416_1,corridor,MAP_DKU_SCI2_4F,True,auto-generated floor connectivity from evacuation PDF room labels,
AUTO_SCI_E0149,SCI2_4_R_402_1,SCI2_4_V001,corridor,MAP_DKU_SCI2_4F,True,auto-generated floor connectivity from evacuation PDF room labels,
AUTO_SCI_E0150,SCI2_4_V001,SCI2_4_N030,corridor,MAP_DKU_SCI2_4F,True,auto-generated connector to curated bridge graph,
AUTO_SCI_E0151,SCI2_5_R_501,SCI2_5_R_502,corridor,MAP_DKU_SCI2_5F,True,auto-generated floor connectivity from evacuation PDF room labels,
AUTO_SCI_E0152,SCI2_5_R_502,SCI2_5_R_522,corridor,MAP_DKU_SCI2_5F,True,auto-generated floor connectivity from evacuation PDF room labels,
AUTO_SCI_E0153,SCI2_5_R_502,SCI2_5_R_503,corridor,MAP_DKU_SCI2_5F,True,auto-generated floor connectivity from evacuation PDF room labels,
AUTO_SCI_E0154,SCI2_5_R_503,SCI2_5_R_504,corridor,MAP_DKU_SCI2_5F,True,auto-generated floor connectivity from evacuation PDF room labels,
AUTO_SCI_E0155,SCI2_5_R_504,SCI2_5_R_505,corridor,MAP_DKU_SCI2_5F,True,auto-generated floor connectivity from evacuation PDF room labels,
AUTO_SCI_E0156,SCI2_5_R_505,SCI2_5_R_506,corridor,MAP_DKU_SCI2_5F,True,auto-generated floor connectivity from evacuation PDF room labels,
AUTO_SCI_E0157,SCI2_5_R_506,SCI2_5_R_507,corridor,MAP_DKU_SCI2_5F,True,auto-generated floor connectivity from evacuation PDF room labels,
AUTO_SCI_E0158,SCI2_5_R_507,SCI2_5_R_508,corridor,MAP_DKU_SCI2_5F,True,auto-generated floor connectivity from evacuation PDF room labels,
AUTO_SCI_E0159,SCI2_5_R_507,SCI2_5_R_519,corridor,MAP_DKU_SCI2_5F,True,auto-generated floor connectivity from evacuation PDF room labels,
AUTO_SCI_E0160,SCI2_5_R_519,SCI2_5_R_518,corridor,MAP_DKU_SCI2_5F,True,auto-generated floor connectivity from evacuation PDF room labels,
AUTO_SCI_E0161,SCI2_5_R_519,SCI2_5_R_520,corridor,MAP_DKU_SCI2_5F,True,auto-generated floor connectivity from evacuation PDF room labels,
AUTO_SCI_E0162,SCI2_5_R_504,SCI2_5_R_521,corridor,MAP_DKU_SCI2_5F,True,auto-generated floor connectivity from evacuation PDF room labels,
AUTO_SCI_E0163,SCI2_5_R_508,SCI2_5_V001,corridor,MAP_DKU_SCI2_5F,True,auto-generated floor connectivity from evacuation PDF room labels,
AUTO_SCI_E0164,SCI2_5_V001,SCI2_5_R_509,corridor,MAP_DKU_SCI2_5F,True,auto-generated floor connectivity from evacuation PDF room labels,
AUTO_SCI_E0165,SCI2_5_R_509,SCI2_5_R_510,corridor,MAP_DKU_SCI2_5F,True,auto-generated floor connectivity from evacuation PDF room labels,
AUTO_SCI_E0166,SCI2_5_R_510,SCI2_5_R_511,corridor,MAP_DKU_SCI2_5F,True,auto-generated floor connectivity from evacuation PDF room labels,
AUTO_SCI_E0167,SCI2_5_R_511,SCI2_5_R_512,corridor,MAP_DKU_SCI2_5F,True,auto-generated floor connectivity from evacuation PDF room labels,
AUTO_SCI_E0168,SCI2_5_V001,SCI2_5_R_517,corridor,MAP_DKU_SCI2_5F,True,auto-generated floor connectivity from evacuation PDF room labels,
AUTO_SCI_E0169,SCI2_5_R_517,SCI2_5_R_516,corridor,MAP_DKU_SCI2_5F,True,auto-generated floor connectivity from evacuation PDF room labels,
AUTO_SCI_E0170,SCI2_5_R_516,SCI2_5_R_515,corridor,MAP_DKU_SCI2_5F,True,auto-generated floor connectivity from evacuation PDF room labels,
AUTO_SCI_E0171,SCI2_5_R_515,SCI2_5_R_514,corridor,MAP_DKU_SCI2_5F,True,auto-generated floor connectivity from evacuation PDF room labels,
AUTO_SCI_E0172,SCI2_5_R_514,SCI2_5_R_513,corridor,MAP_DKU_SCI2_5F,True,auto-generated floor connectivity from evacuation PDF room labels,
AUTO_SCI_E0173,SCI2_5_R_522,SCI2_5_R_523,corridor,MAP_DKU_SCI2_5F,True,auto-generated floor connectivity from evacuation PDF room labels,
AUTO_SCI_E0174,SCI2_5_R_523,SCI2_5_R_527,corridor,MAP_DKU_SCI2_5F,True,auto-generated floor connectivity from evacuation PDF room labels,
AUTO_SCI_E0175,SCI2_5_R_527,SCI2_5_R_526,corridor,MAP_DKU_SCI2_5F,True,auto-generated floor connectivity from evacuation PDF room labels,
AUTO_SCI_E0176,SCI2_5_R_527,SCI2_5_R_528,corridor,MAP_DKU_SCI2_5F,True,auto-generated floor connectivity from evacuation PDF room labels,
AUTO_SCI_E0177,SCI2_5_R_526,SCI2_5_R_525,corridor,MAP_DKU_SCI2_5F,True,auto-generated floor connectivity from evacuation PDF room labels,
AUTO_SCI_E0178,SCI2_5_R_525,SCI2_5_R_524,corridor,MAP_DKU_SCI2_5F,True,auto-generated floor connectivity from evacuation PDF room labels,
AUTO_SCI_E0179,SCI3_1_R_101,SCI3_1_R_102,corridor,MAP_DKU_SCI3_1F,True,auto-generated floor connectivity from evacuation PDF room labels,
AUTO_SCI_E0180,SCI3_1_R_102,SCI3_1_R_103,corridor,MAP_DKU_SCI3_1F,True,auto-generated floor connectivity from evacuation PDF room labels,
AUTO_SCI_E0181,SCI3_1_R_103,SCI3_1_R_104,corridor,MAP_DKU_SCI3_1F,True,auto-generated floor connectivity from evacuation PDF room labels,
AUTO_SCI_E0182,SCI3_1_R_104,SCI3_1_R_111,corridor,MAP_DKU_SCI3_1F,True,auto-generated floor connectivity from evacuation PDF room labels,
AUTO_SCI_E0183,SCI3_1_R_104,SCI3_1_R_105,corridor,MAP_DKU_SCI3_1F,True,auto-generated floor connectivity from evacuation PDF room labels,
AUTO_SCI_E0184,SCI3_1_R_105,SCI3_1_R_110,corridor,MAP_DKU_SCI3_1F,True,auto-generated floor connectivity from evacuation PDF room labels,
AUTO_SCI_E0185,SCI3_1_R_105,SCI3_1_R_106,corridor,MAP_DKU_SCI3_1F,True,auto-generated floor connectivity from evacuation PDF room labels,
AUTO_SCI_E0186,SCI3_1_R_106,SCI3_1_R_109,corridor,MAP_DKU_SCI3_1F,True,auto-generated floor connectivity from evacuation PDF room labels,
AUTO_SCI_E0187,SCI3_1_R_109,SCI3_1_R_108,corridor,MAP_DKU_SCI3_1F,True,auto-generated floor connectivity from evacuation PDF room labels,
AUTO_SCI_E0188,SCI3_1_R_108,SCI3_1_R_107,corridor,MAP_DKU_SCI3_1F,True,auto-generated floor connectivity from evacuation PDF room labels,
AUTO_SCI_E0189,SCI3_1_R_101,SCI3_1_V001,corridor,MAP_DKU_SCI3_1F,True,auto-generated floor connectivity from evacuation PDF room labels,
AUTO_SCI_E0190,SCI3_2_R_201,SCI3_2_R_202,corridor,MAP_DKU_SCI3_2F,True,auto-generated floor connectivity from evacuation PDF room labels,
AUTO_SCI_E0191,SCI3_2_R_202,SCI3_2_R_203,corridor,MAP_DKU_SCI3_2F,True,auto-generated floor connectivity from evacuation PDF room labels,
AUTO_SCI_E0192,SCI3_2_R_203,SCI3_2_R_220,corridor,MAP_DKU_SCI3_2F,True,auto-generated floor connectivity from evacuation PDF room labels,
AUTO_SCI_E0193,SCI3_2_R_220,SCI3_2_R_219,corridor,MAP_DKU_SCI3_2F,True,auto-generated floor connectivity from evacuation PDF room labels,
AUTO_SCI_E0194,SCI3_2_R_219,SCI3_2_R_204,corridor,MAP_DKU_SCI3_2F,True,auto-generated floor connectivity from evacuation PDF room labels,
AUTO_SCI_E0195,SCI3_2_R_204,SCI3_2_R_205,corridor,MAP_DKU_SCI3_2F,True,auto-generated floor connectivity from evacuation PDF room labels,
AUTO_SCI_E0196,SCI3_2_R_205,SCI3_2_R_206,corridor,MAP_DKU_SCI3_2F,True,auto-generated floor connectivity from evacuation PDF room labels,
AUTO_SCI_E0197,SCI3_2_R_206,SCI3_2_R_207,corridor,MAP_DKU_SCI3_2F,True,auto-generated floor connectivity from evacuation PDF room labels,
AUTO_SCI_E0198,SCI3_2_R_207,SCI3_2_V001,corridor,MAP_DKU_SCI3_2F,True,auto-generated floor connectivity from evacuation PDF room labels,
AUTO_SCI_E0199,SCI3_2_V001,SCI3_2_R_208,corridor,MAP_DKU_SCI3_2F,True,auto-generated floor connectivity from evacuation PDF room labels,
AUTO_SCI_E0200,SCI3_2_R_208,SCI3_2_R_209,corridor,MAP_DKU_SCI3_2F,True,auto-generated floor connectivity from evacuation PDF room labels,
AUTO_SCI_E0201,SCI3_2_R_209,SCI3_2_R_210,corridor,MAP_DKU_SCI3_2F,True,auto-generated floor connectivity from evacuation PDF room labels,
AUTO_SCI_E0202,SCI3_2_R_210,SCI3_2_R_211,corridor,MAP_DKU_SCI3_2F,True,auto-generated floor connectivity from evacuation PDF room labels,
AUTO_SCI_E0203,SCI3_2_V001,SCI3_2_R_216,corridor,MAP_DKU_SCI3_2F,True,auto-generated floor connectivity from evacuation PDF room labels,
AUTO_SCI_E0204,SCI3_2_R_216,SCI3_2_R_215,corridor,MAP_DKU_SCI3_2F,True,auto-generated floor connectivity from evacuation PDF room labels,
AUTO_SCI_E0205,SCI3_2_R_215,SCI3_2_R_214,corridor,MAP_DKU_SCI3_2F,True,auto-generated floor connectivity from evacuation PDF room labels,
AUTO_SCI_E0206,SCI3_2_R_214,SCI3_2_R_213,corridor,MAP_DKU_SCI3_2F,True,auto-generated floor connectivity from evacuation PDF room labels,
AUTO_SCI_E0207,SCI3_2_R_213,SCI3_2_R_212,corridor,MAP_DKU_SCI3_2F,True,auto-generated floor connectivity from evacuation PDF room labels,
AUTO_SCI_E0208,SCI3_2_R_206,SCI3_2_R_217,corridor,MAP_DKU_SCI3_2F,True,auto-generated floor connectivity from evacuation PDF room labels,
AUTO_SCI_E0209,SCI3_2_R_205,SCI3_2_R_218,corridor,MAP_DKU_SCI3_2F,True,auto-generated floor connectivity from evacuation PDF room labels,
AUTO_SCI_E0210,SCI3_2_R_220,SCI3_2_R_221,corridor,MAP_DKU_SCI3_2F,True,auto-generated floor connectivity from evacuation PDF room labels,
AUTO_SCI_E0211,SCI3_2_R_221,SCI3_2_R_222,corridor,MAP_DKU_SCI3_2F,True,auto-generated floor connectivity from evacuation PDF room labels,
AUTO_SCI_E0212,SCI3_2_R_222,SCI3_2_R_223,corridor,MAP_DKU_SCI3_2F,True,auto-generated floor connectivity from evacuation PDF room labels,
AUTO_SCI_E0213,SCI3_2_R_223,SCI3_2_R_224,corridor,MAP_DKU_SCI3_2F,True,auto-generated floor connectivity from evacuation PDF room labels,
AUTO_SCI_E0214,SCI3_2_R_224,SCI3_2_R_224_1,corridor,MAP_DKU_SCI3_2F,True,auto-generated floor connectivity from evacuation PDF room labels,
AUTO_SCI_E0215,SCI3_2_R_224_1,SCI3_2_R_225,corridor,MAP_DKU_SCI3_2F,True,auto-generated floor connectivity from evacuation PDF room labels,
AUTO_SCI_E0216,SCI3_2_R_225,SCI3_2_R_226,corridor,MAP_DKU_SCI3_2F,True,auto-generated floor connectivity from evacuation PDF room labels,
AUTO_SCI_E0217,SCI3_2_R_226,SCI3_2_R_227,corridor,MAP_DKU_SCI3_2F,True,auto-generated floor connectivity from evacuation PDF room labels,
AUTO_SCI_E0218,SCI3_3_R_305_1,SCI3_3_R_305_3,corridor,MAP_DKU_SCI3_3F,True,auto-generated floor connectivity from evacuation PDF room labels,
AUTO_SCI_E0219,SCI3_3_R_305_3,SCI3_3_R_305_2,corridor,MAP_DKU_SCI3_3F,True,auto-generated floor connectivity from evacuation PDF room labels,
AUTO_SCI_E0220,SCI3_3_R_305_2,SCI3_3_R_315_1,corridor,MAP_DKU_SCI3_3F,True,auto-generated floor connectivity from evacuation PDF room labels,
AUTO_SCI_E0221,SCI3_3_R_305_2,SCI3_3_V001,corridor,MAP_DKU_SCI3_3F,True,auto-generated floor connectivity from evacuation PDF room labels,
AUTO_SCI_E0222,SCI3_3_R_315_1,SCI3_3_R_321_1,corridor,MAP_DKU_SCI3_3F,True,auto-generated floor connectivity from evacuation PDF room labels,
AUTO_SCI_E0223,SCI3_3_V001,SCI3_3_N045,corridor,MAP_DKU_SCI3_3F,True,auto-generated connector to curated bridge graph,
AUTO_SCI_E0224,SCI3_4_R_401,SCI3_4_R_402,corridor,MAP_DKU_SCI3_4F,True,auto-generated floor connectivity from evacuation PDF room labels,
AUTO_SCI_E0225,SCI3_4_R_402,SCI3_4_R_418,corridor,MAP_DKU_SCI3_4F,True,auto-generated floor connectivity from evacuation PDF room labels,
AUTO_SCI_E0226,SCI3_4_R_402,SCI3_4_R_403,corridor,MAP_DKU_SCI3_4F,True,auto-generated floor connectivity from evacuation PDF room labels,
AUTO_SCI_E0227,SCI3_4_R_403,SCI3_4_R_404,corridor,MAP_DKU_SCI3_4F,True,auto-generated floor connectivity from evacuation PDF room labels,
AUTO_SCI_E0228,SCI3_4_R_403,SCI3_4_R_417,corridor,MAP_DKU_SCI3_4F,True,auto-generated floor connectivity from evacuation PDF room labels,
AUTO_SCI_E0229,SCI3_4_R_417,SCI3_4_R_416,corridor,MAP_DKU_SCI3_4F,True,auto-generated floor connectivity from evacuation PDF room labels,
AUTO_SCI_E0230,SCI3_4_R_404,SCI3_4_R_405,corridor,MAP_DKU_SCI3_4F,True,auto-generated floor connectivity from evacuation PDF room labels,
AUTO_SCI_E0231,SCI3_4_R_405,SCI3_4_R_415,corridor,MAP_DKU_SCI3_4F,True,auto-generated floor connectivity from evacuation PDF room labels,
AUTO_SCI_E0232,SCI3_4_R_418,SCI3_4_R_419,corridor,MAP_DKU_SCI3_4F,True,auto-generated floor connectivity from evacuation PDF room labels,
AUTO_SCI_E0233,SCI3_4_R_419,SCI3_4_R_420,corridor,MAP_DKU_SCI3_4F,True,auto-generated floor connectivity from evacuation PDF room labels,
AUTO_SCI_E0234,SCI3_4_R_420,SCI3_4_R_421,corridor,MAP_DKU_SCI3_4F,True,auto-generated floor connectivity from evacuation PDF room labels,
AUTO_SCI_E0235,SCI3_4_R_421,SCI3_4_R_422,corridor,MAP_DKU_SCI3_4F,True,auto-generated floor connectivity from evacuation PDF room labels,
AUTO_SCI_E0236,SCI3_4_R_422,SCI3_4_R_422_1,corridor,MAP_DKU_SCI3_4F,True,auto-generated floor connectivity from evacuation PDF room labels,
AUTO_SCI_E0237,SCI3_4_R_422,SCI3_4_R_423,corridor,MAP_DKU_SCI3_4F,True,auto-generated floor connectivity from evacuation PDF room labels,
AUTO_SCI_E0238,SCI3_4_R_419,SCI3_4_R_424,corridor,MAP_DKU_SCI3_4F,True,auto-generated floor connectivity from evacuation PDF room labels,
AUTO_SCI_E0239,SCI3_4_R_415,SCI3_4_R_414,corridor,MAP_DKU_SCI3_4F,True,auto-generated floor connectivity from evacuation PDF room labels,
AUTO_SCI_E0240,SCI3_4_R_414,SCI3_4_R_413,corridor,MAP_DKU_SCI3_4F,True,auto-generated floor connectivity from evacuation PDF room labels,
AUTO_SCI_E0241,SCI3_4_R_413,SCI3_4_R_412,corridor,MAP_DKU_SCI3_4F,True,auto-generated floor connectivity from evacuation PDF room labels,
AUTO_SCI_E0242,SCI3_4_R_412,SCI3_4_R_411,corridor,MAP_DKU_SCI3_4F,True,auto-generated floor connectivity from evacuation PDF room labels,
AUTO_SCI_E0243,SCI3_4_R_411,SCI3_4_R_410,corridor,MAP_DKU_SCI3_4F,True,auto-generated floor connectivity from evacuation PDF room labels,
AUTO_SCI_E0244,SCI3_4_R_414,SCI3_4_V001,corridor,MAP_DKU_SCI3_4F,True,auto-generated floor connectivity from evacuation PDF room labels,
AUTO_SCI_E0245,SCI3_4_V001,SCI3_4_R_406,corridor,MAP_DKU_SCI3_4F,True,auto-generated floor connectivity from evacuation PDF room labels,
AUTO_SCI_E0246,SCI3_4_R_406,SCI3_4_R_407,corridor,MAP_DKU_SCI3_4F,True,auto-generated floor connectivity from evacuation PDF room labels,
AUTO_SCI_E0247,SCI3_4_R_407,SCI3_4_R_408,corridor,MAP_DKU_SCI3_4F,True,auto-generated floor connectivity from evacuation PDF room labels,
AUTO_SCI_E0248,SCI3_4_R_408,SCI3_4_R_409,corridor,MAP_DKU_SCI3_4F,True,auto-generated floor connectivity from evacuation PDF room labels,
AUTO_SCI_E0249,SCI3_5_R_501,SCI3_5_R_502,corridor,MAP_DKU_SCI3_5F,True,auto-generated floor connectivity from evacuation PDF room labels,
AUTO_SCI_E0250,SCI3_5_R_502,SCI3_5_R_518,corridor,MAP_DKU_SCI3_5F,True,auto-generated floor connectivity from evacuation PDF room labels,
AUTO_SCI_E0251,SCI3_5_R_518,SCI3_5_R_517,corridor,MAP_DKU_SCI3_5F,True,auto-generated floor connectivity from evacuation PDF room labels,
AUTO_SCI_E0252,SCI3_5_R_517,SCI3_5_R_503,corridor,MAP_DKU_SCI3_5F,True,auto-generated floor connectivity from evacuation PDF room labels,
AUTO_SCI_E0253,SCI3_5_R_503,SCI3_5_R_504,corridor,MAP_DKU_SCI3_5F,True,auto-generated floor connectivity from evacuation PDF room labels,
AUTO_SCI_E0254,SCI3_5_R_504,SCI3_5_R_516,corridor,MAP_DKU_SCI3_5F,True,auto-generated floor connectivity from evacuation PDF room labels,
AUTO_SCI_E0255,SCI3_5_R_516,SCI3_5_R_515,corridor,MAP_DKU_SCI3_5F,True,auto-generated floor connectivity from evacuation PDF room labels,
AUTO_SCI_E0256,SCI3_5_R_515,SCI3_5_R_505,corridor,MAP_DKU_SCI3_5F,True,auto-generated floor connectivity from evacuation PDF room labels,
AUTO_SCI_E0257,SCI3_5_R_518,SCI3_5_R_519,corridor,MAP_DKU_SCI3_5F,True,auto-generated floor connectivity from evacuation PDF room labels,
AUTO_SCI_E0258,SCI3_5_R_519,SCI3_5_R_522,corridor,MAP_DKU_SCI3_5F,True,auto-generated floor connectivity from evacuation PDF room labels,
AUTO_SCI_E0259,SCI3_5_R_519,SCI3_5_R_520,corridor,MAP_DKU_SCI3_5F,True,auto-generated floor connectivity from evacuation PDF room labels,
AUTO_SCI_E0260,SCI3_5_R_520,SCI3_5_R_521,corridor,MAP_DKU_SCI3_5F,True,auto-generated floor connectivity from evacuation PDF room labels,
AUTO_SCI_E0261,SCI3_5_R_515,SCI3_5_R_514,corridor,MAP_DKU_SCI3_5F,True,auto-generated floor connectivity from evacuation PDF room labels,
AUTO_SCI_E0262,SCI3_5_R_514,SCI3_5_R_513,corridor,MAP_DKU_SCI3_5F,True,auto-generated floor connectivity from evacuation PDF room labels,
AUTO_SCI_E0263,SCI3_5_R_513,SCI3_5_R_512,corridor,MAP_DKU_SCI3_5F,True,auto-generated floor connectivity from evacuation PDF room labels,
AUTO_SCI_E0264,SCI3_5_R_512,SCI3_5_R_511,corridor,MAP_DKU_SCI3_5F,True,auto-generated floor connectivity from evacuation PDF room labels,
AUTO_SCI_E0265,SCI3_5_R_511,SCI3_5_R_510,corridor,MAP_DKU_SCI3_5F,True,auto-generated floor connectivity from evacuation PDF room labels,
AUTO_SCI_E0266,SCI3_5_R_512,SCI3_5_R_507,corridor,MAP_DKU_SCI3_5F,True,auto-generated floor connectivity from evacuation PDF room labels,
AUTO_SCI_E0267,SCI3_5_R_507,SCI3_5_R_508,corridor,MAP_DKU_SCI3_5F,True,auto-generated floor connectivity from evacuation PDF room labels,
AUTO_SCI_E0268,SCI3_5_R_508,SCI3_5_R_509,corridor,MAP_DKU_SCI3_5F,True,auto-generated floor connectivity from evacuation PDF room labels,
AUTO_SCI_E0269,SCI3_5_R_507,SCI3_5_R_506,corridor,MAP_DKU_SCI3_5F,True,auto-generated floor connectivity from evacuation PDF room labels,
AUTO_SCI_E0270,SCI3_5_R_506,SCI3_5_V001,corridor,MAP_DKU_SCI3_5F,True,auto-generated floor connectivity from evacuation PDF room labels,
AUTO_SCI_E0271,SCI1_1_V001,SCI1_2_V001,elevator,MAP_DKU_SCI1_1F,True,auto-generated vertical connector between engineering floors,True
AUTO_SCI_E0272,SCI1_2_V001,SCI1_3_V001,elevator,MAP_DKU_SCI1_2F,True,auto-generated vertical connector between engineering floors,True
AUTO_SCI_E0273,SCI1_3_V001,SCI1_4_V001,elevator,MAP_DKU_SCI1_3F,True,auto-generated vertical connector between engineering floors,True
AUTO_SCI_E0274,SCI1_4_V001,SCI1_5_V001,elevator,MAP_DKU_SCI1_4F,True,auto-generated vertical connector between engineering floors,True
AUTO_SCI_E0275,SCI2_1_V001,SCI2_2_V001,elevator,MAP_DKU_SCI2_1F,True,auto-generated vertical connector between engineering floors,True
AUTO_SCI_E0276,SCI2_2_V001,SCI2_3_V001,elevator,MAP_DKU_SCI2_2F,True,auto-generated vertical connector between engineering floors,True
AUTO_SCI_E0277,SCI2_3_V001,SCI2_4_V001,elevator,MAP_DKU_SCI2_3F,True,auto-generated vertical connector between engineering floors,True
AUTO_SCI_E0278,SCI2_4_V001,SCI2_5_V001,elevator,MAP_DKU_SCI2_4F,True,auto-generated vertical connector between engineering floors,True
AUTO_SCI_E0279,SCI3_1_V001,SCI3_2_V001,elevator,MAP_DKU_SCI3_1F,True,auto-generated vertical connector between engineering floors,True
AUTO_SCI_E0280,SCI3_2_V001,SCI3_3_V001,elevator,MAP_DKU_SCI3_2F,True,auto-generated vertical connector between engineering floors,True
AUTO_SCI_E0281,SCI3_3_V001,SCI3_4_V001,elevator,MAP_DKU_SCI3_3F,True,auto-generated vertical connector between engineering floors,True
AUTO_SCI_E0282,SCI3_4_V001,SCI3_5_V001,elevator,MAP_DKU_SCI3_4F,True,auto-generated vertical connector between engineering floors,True
