room_id,nearest_node_id
DKU_ICT_-1_101,ICT_-1_N065
DKU_ICT_-1_102,ICT_-1_N064
DKU_ICT_-1_103,ICT_-1_N064
DKU_ICT_-1_104,ICT_-1_N064
DKU_ICT_-1_105,ICT_-1_N069
DKU_ICT_-1_107,ICT_-1_N064
DKU_ICT_-1_108,ICT_-1_N064
DKU_ICT_-1_109,ICT_-1_N064
DKU_ICT_-1_110,ICT_-1_N064
DKU_ICT_-1_111,ICT_-1_N064
DKU_ICT_1_101,ICT_1_N054
DKU_ICT_1_102,ICT_1_N054
DKU_ICT_1_103,ICT_1_N054
DKU_ICT_1_104,ICT_1_N054
DKU_ICT_1_105,ICT_1_N054
DKU_ICT_1_106,ICT_1_N053
DKU_ICT_1_107,ICT_1_N053
DKU_ICT_1_108,ICT_1_N049
DKU_ICT_1_109,ICT_1_N048
DKU_ICT_1_110,ICT_1_N048
DKU_ICT_1_111,ICT_1_N048
DKU_ICT_1_112,ICT_1_N048
DKU_ICT_1_113,ICT_1_N048
DKU_ICT_1_114,ICT_1_N061
DKU_ICT_1_115,ICT_1_N048
DKU_ICT_1_116,ICT_1_N048
DKU_ICT_1_117,ICT_1_N061
DKU_ICT_1_118,ICT_1_N061
DKU_ICT_1_119,ICT_1_N048
DKU_ICT_1_120,ICT_1_N048
DKU_ICT_1_121,ICT_1_N048
DKU_ICT_1_122,ICT_1_N048
DKU_ICT_1_123,ICT_1_N048
DKU_ICT_1_124,ICT_1_N048
DKU_ICT_1_125,ICT_1_N048
DKU_ICT_1_126,ICT_1_N048
DKU_ICT_1_127,ICT_1_N048
DKU_ICT_2_201,ICT_2_N041
DKU_ICT_2_202,ICT_2_N041
DKU_ICT_2_203,ICT_2_N041
DKU_ICT_2_204,ICT_2_N041
DKU_ICT_2_205,ICT_2_N041
DKU_ICT_2_206,ICT_2_N041
DKU_ICT_2_207,ICT_2_N041
DKU_ICT_2_208,ICT_2_N037
DKU_ICT_2_209,ICT_2_N036
DKU_ICT_2_210,ICT_2_N036
DKU_ICT_2_211,ICT_2_N036
DKU_ICT_2_212,ICT_2_N036
DKU_ICT_2_213,ICT_2_N036
DKU_ICT_2_214,ICT_2_N036
DKU_ICT_2_215,ICT_2_N045
DKU_ICT_2_216,ICT_2_N045
DKU_ICT_2_217,ICT_2_N035
DKU_ICT_2_218,ICT_2_N035
DKU_ICT_2_219,ICT_2_N036
DKU_ICT_2_220,ICT_2_N036
DKU_ICT_2_221,ICT_2_N036
DKU_ICT_2_222,ICT_2_N036
DKU_ICT_2_223,ICT_2_N036
DKU_ICT_2_224,ICT_2_N036
DKU_ICT_2_225,ICT_2_N036
DKU_ICT_2_226,ICT_2_N036
DKU_ICT_2_227,ICT_2_N036
DKU_ICT_3_301,ICT_3_N008
DKU_ICT_3_302,ICT_3_N008
DKU_ICT_3_303,ICT_3_N008
DKU_ICT_3_304,ICT_3_N009
DKU_ICT_3_305,ICT_3_N009
DKU_ICT_3_306,ICT_3_N008
DKU_ICT_3_307,ICT_3_N008
DKU_ICT_3_308,ICT_3_N008
DKU_ICT_3_309,ICT_3_N008
DKU_ICT_3_310,ICT_3_N008
DKU_ICT_3_311,ICT_3_N004
DKU_ICT_3_312,ICT_3_N003
DKU_ICT_3_313,ICT_3_N003
DKU_ICT_3_314,ICT_3_N003
DKU_ICT_3_315,ICT_3_N003
DKU_ICT_3_316,ICT_3_N003
DKU_ICT_3_317,ICT_3_N003
DKU_ICT_3_318,ICT_3_N003
DKU_ICT_3_319,ICT_3_N002
DKU_ICT_3_320,ICT_3_N002
DKU_ICT_3_321,ICT_3_N003
DKU_ICT_3_322,ICT_3_N003
DKU_ICT_3_323,ICT_3_N003
DKU_ICT_3_324,ICT_3_N003
DKU_ICT_3_325,ICT_3_N003
DKU_ICT_3_326,ICT_3_N003
DKU_ICT_3_327,ICT_3_N003
DKU_ICT_3_328,ICT_3_N003
DKU_ICT_3_329,ICT_3_N003
DKU_ICT_3_330,ICT_3_N003
DKU_ICT_3_331,ICT_3_N003
DKU_ICT_3_332,ICT_3_N008
DKU_ICT_4_401,ICT_4_N019
DKU_ICT_4_402,ICT_4_N019
DKU_ICT_4_403,ICT_4_N019
DKU_ICT_4_404,ICT_4_N019
DKU_ICT_4_405,ICT_4_N019
DKU_ICT_4_406,ICT_4_N019
DKU_ICT_4_407,ICT_4_N020
DKU_ICT_4_408,ICT_4_N019
DKU_ICT_4_409,ICT_4_N019
DKU_ICT_4_410,ICT_4_N019
DKU_ICT_4_411,ICT_4_N015
DKU_ICT_4_412,ICT_4_N015
DKU_ICT_4_413,ICT_4_N014
DKU_ICT_4_414,ICT_4_N014
DKU_ICT_4_415,ICT_4_N014
DKU_ICT_4_416,ICT_4_N014
DKU_ICT_4_417,ICT_4_N014
DKU_ICT_4_418,ICT_4_N013
DKU_ICT_4_419,ICT_4_N014
DKU_ICT_4_420,ICT_4_N014
DKU_ICT_4_421,ICT_4_N014
DKU_ICT_4_422,ICT_4_N014
DKU_ICT_4_423,ICT_4_N014
DKU_ICT_4_424,ICT_4_N014
DKU_ICT_4_425,ICT_4_N014
DKU_ICT_4_426,ICT_4_N014
DKU_ICT_4_427,ICT_4_N014
DKU_ICT_4_428,ICT_4_N014
DKU_ICT_4_429,ICT_4_N015
DKU_ICT_4_430,ICT_4_N016
DKU_ICT_5_501,ICT_5_N027
DKU_ICT_5_502,ICT_5_N030
DKU_ICT_5_503,ICT_5_N030
DKU_ICT_5_504,ICT_5_N030
DKU_ICT_5_505,ICT_5_N030
DKU_ICT_5_506,ICT_5_N030
DKU_ICT_5_507,ICT_5_N030
DKU_ICT_5_508,ICT_5_N030
DKU_ICT_5_509,ICT_5_N030
DKU_ICT_5_510,ICT_5_N030
DKU_ICT_5_511,ICT_5_N030
DKU_ICT_5_512,ICT_5_N031
DKU_ICT_5_513,ICT_5_N031
DKU_ICT_5_514,ICT_5_N030
DKU_ICT_5_515,ICT_5_N030
DKU_ICT_5_516,ICT_5_N030
DKU_ICT_5_517,ICT_5_N027
DKU_LIB_1_103,LIB_1_N071
DKU_LIB_1_110,LIB_1_N074
DKU_LIB_2_201,LIB_2_N006
DKU_LIB_2_202,LIB_2_N008
DKU_LIB_2_205,LIB_2_N008
DKU_LIB_2_206,LIB_2_N008
DKU_LIB_2_207,LIB_2_N004
DKU_LIB_2_211,LIB_2_N002
DKU_LIB_2_212,LIB_2_N003
DKU_LIB_3_301,LIB_3_N028
DKU_LIB_3_302,LIB_3_N023
DKU_LIB_3_303,LIB_3_N023
DKU_LIB_3_304,LIB_3_N023
DKU_LIB_3_305,LIB_3_N023
DKU_LIB_3_306,LIB_3_N023
DKU_LIB_3_307,LIB_3_N023
DKU_LIB_3_308,LIB_3_N018
DKU_LIB_3_309,LIB_3_N018
DKU_LIB_3_310,LIB_3_N018
DKU_LIB_3_311,LIB_3_N018
DKU_LIB_3_312,LIB_3_N018
DKU_LIB_3_313,LIB_3_N018
DKU_LIB_3_314,LIB_3_N018
DKU_LIB_3_315,LIB_3_N017
DKU_LIB_3_316,LIB_3_N031
DKU_LIB_3_317,LIB_3_N031
DKU_LIB_3_318,LIB_3_N031
DKU_LIB_3_319,LIB_3_N031
DKU_LIB_3_320,LIB_3_N031
DKU_LIB_4_401,LIB_4_N040
DKU_LIB_4_402,LIB_4_N038
DKU_LIB_4_403,LIB_4_N037
DKU_LIB_4_404,LIB_4_N037
DKU_LIB_4_405,LIB_4_N037
DKU_LIB_4_406,LIB_4_N037
DKU_LIB_4_407,LIB_4_N036
DKU_LIB_4_408,LIB_4_N034
DKU_LIB_4_409,LIB_4_N034
DKU_LIB_5_501,LIB_5_N052
DKU_LIB_5_502,LIB_5_N050
DKU_LIB_5_503,LIB_5_N049
DKU_LIB_5_504,LIB_5_N049
DKU_LIB_5_505,LIB_5_N049
DKU_LIB_5_506,LIB_5_N049
DKU_LIB_5_507,LIB_5_N048
DKU_LIB_5_508,LIB_5_N045
DKU_LIB_5_509,LIB_5_N045
DKU_LIB_6_601,LIB_6_N064
DKU_LIB_6_602,LIB_6_N064
DKU_LIB_6_603,LIB_6_N060
DKU_LIB_6_604,LIB_6_N060
DKU_LIB_6_605,LIB_6_N060
DKU_LIB_6_606,LIB_6_N059
DKU_LIB_6_607,LIB_6_N059
DKU_LIB_6_608,LIB_6_N059
DKU_LIB_6_609,LIB_6_N059
DKU_LIB_6_610,LIB_6_N058
DKU_LIB_6_611,LIB_6_N055
DKU_SCI1_1_101,SCI1_1_R_101
DKU_SCI1_1_102,SCI1_1_R_102
DKU_SCI1_1_103,SCI1_1_R_103
DKU_SCI1_1_104,SCI1_1_R_104
DKU_SCI1_1_105,SCI1_1_R_105
DKU_SCI1_1_106,SCI1_1_R_106
DKU_SCI1_1_107,SCI1_1_R_107
DKU_SCI1_1_108,SCI1_1_R_108
DKU_SCI1_1_110,SCI1_1_R_110
DKU_SCI1_1_111,SCI1_1_R_111
DKU_SCI1_1_112,SCI1_1_R_112
DKU_SCI1_1_113,SCI1_1_R_113
DKU_SCI1_1_113_1,SCI1_1_R_113_1
DKU_SCI1_2_201,SCI1_2_R_201
DKU_SCI1_2_202,SCI1_2_R_202
DKU_SCI1_2_203,SCI1_2_R_203
DKU_SCI1_2_204,SCI1_2_R_204
DKU_SCI1_2_205,SCI1_2_R_205
DKU_SCI1_2_206,SCI1_2_R_206
DKU_SCI1_2_207,SCI1_2_R_207
DKU_SCI1_2_208,SCI1_2_R_208
DKU_SCI1_2_209,SCI1_2_R_209
DKU_SCI1_2_210,SCI1_2_R_210
DKU_SCI1_2_211,SCI1_2_R_211
DKU_SCI1_2_212,SCI1_2_R_212
DKU_SCI1_2_213,SCI1_2_R_213
DKU_SCI1_2_214,SCI1_2_R_214
DKU_SCI1_2_215,SCI1_2_R_215
DKU_SCI1_2_216,SCI1_2_R_216
DKU_SCI1_2_217,SCI1_2_R_217
DKU_SCI1_2_218,SCI1_2_R_218
DKU_SCI1_2_219,SCI1_2_R_219
DKU_SCI1_2_220,SCI1_2_R_220
DKU_SCI1_2_221,SCI1_2_R_221
DKU_SCI1_2_222,SCI1_2_R_222
DKU_SCI1_2_223,SCI1_2_R_223
DKU_SCI1_2_224,SCI1_2_R_224
DKU_SCI1_2_225,SCI1_2_R_225
DKU_SCI1_2_226,SCI1_2_R_226
DKU_SCI1_2_227,SCI1_2_R_227
DKU_SCI1_2_228,SCI1_2_R_228
DKU_SCI1_2_229,SCI1_2_R_229
DKU_SCI1_3_301,SCI1_3_N008
DKU_SCI1_3_303,SCI1_3_N008
DKU_SCI1_3_304,SCI1_3_N008
DKU_SCI1_3_305,SCI1_3_N007
DKU_SCI1_3_306,SCI1_3_N007
DKU_SCI1_3_307,SCI1_3_N006
DKU_SCI1_3_308,SCI1_3_N002
DKU_SCI1_3_309,SCI1_3_N003
DKU_SCI1_3_310,SCI1_3_N003
DKU_SCI1_3_311,SCI1_3_N003
DKU_SCI1_3_312,SCI1_3_N003
DKU_SCI1_3_313,SCI1_3_N003
DKU_SCI1_3_314,SCI1_3_N003
DKU_SCI1_3_315,SCI1_3_N002
DKU_SCI1_3_316,SCI1_3_N002
DKU_SCI1_3_317,SCI1_3_N006
DKU_SCI1_3_318,SCI1_3_N007
DKU_SCI1_3_319,SCI1_3_N007
DKU_SCI1_3_320,SCI1_3_N007
DKU_SCI1_3_321,SCI1_3_N008
DKU_SCI1_3_322,SCI1_3_N008
DKU_SCI1_3_323,SCI1_3_N009
DKU_SCI1_3_324,SCI1_3_N014
DKU_SCI1_3_325,SCI1_3_N014
DKU_SCI1_3_326,SCI1_3_N015
DKU_SCI1_3_327,SCI1_3_N015
DKU_SCI1_3_327_1,SCI1_3_R_327_1
DKU_SCI1_3_328,SCI1_3_N014
DKU_SCI1_3_329,SCI1_3_N014
DKU_SCI1_4_401,SCI1_4_R_401
DKU_SCI1_4_401_1,SCI1_4_R_401_1
DKU_SCI1_4_401_2,SCI1_4_R_401_2
DKU_SCI1_4_402,SCI1_4_R_402
DKU_SCI1_4_402_1,SCI1_4_R_402_1
DKU_SCI1_4_402_2,SCI1_4_R_402_2
DKU_SCI1_4_403,SCI1_4_R_403
DKU_SCI1_4_404,SCI1_4_R_404
DKU_SCI1_4_405,SCI1_4_R_405
DKU_SCI1_4_406,SCI1_4_R_406
DKU_SCI1_4_407,SCI1_4_R_407
DKU_SCI1_4_408,SCI1_4_R_408
DKU_SCI1_4_409,SCI1_4_R_409
DKU_SCI1_4_410,SCI1_4_R_410
DKU_SCI1_4_411,SCI1_4_R_411
DKU_SCI1_4_412,SCI1_4_R_412
DKU_SCI1_4_413,SCI1_4_R_413
DKU_SCI1_4_414,SCI1_4_R_414
DKU_SCI1_4_414_1,SCI1_4_R_414_1
DKU_SCI1_4_414_2,SCI1_4_R_414_2
DKU_SCI1_4_414_3,SCI1_4_R_414_3
DKU_SCI1_4_415,SCI1_4_R_415
DKU_SCI1_4_416,SCI1_4_R_416
DKU_SCI1_4_417,SCI1_4_R_417
DKU_SCI1_4_417_1,SCI1_4_R_417_1
DKU_SCI1_4_418,SCI1_4_R_418
DKU_SCI1_4_419,SCI1_4_R_419
DKU_SCI1_4_419_1,SCI1_4_R_419_1
DKU_SCI1_4_420,SCI1_4_R_420
DKU_SCI1_4_421,SCI1_4_R_421
DKU_SCI1_5_501,SCI1_5_R_501
DKU_SCI1_5_502,SCI1_5_R_502
DKU_SCI1_5_503,SCI1_5_R_503
DKU_SCI1_5_504,SCI1_5_R_504
DKU_SCI1_5_505,SCI1_5_R_505
DKU_SCI1_5_506,SCI1_5_R_506
DKU_SCI1_5_507,SCI1_5_R_507
DKU_SCI1_5_508,SCI1_5_R_508
DKU_SCI1_5_509,SCI1_5_R_509
DKU_SCI1_5_510,SCI1_5_R_510
DKU_SCI1_5_511,SCI1_5_R_511
DKU_SCI1_5_512,SCI1_5_R_512
DKU_SCI1_5_513,SCI1_5_R_513
DKU_SCI1_5_514,SCI1_5_R_514
DKU_SCI1_5_515,SCI1_5_R_515
DKU_SCI1_5_516,SCI1_5_R_516
DKU_SCI1_5_517,SCI1_5_R_517
DKU_SCI1_5_518,SCI1_5_R_518
DKU_SCI1_5_519,SCI1_5_R_519
DKU_SCI1_5_520,SCI1_5_R_520
DKU_SCI1_5_521,SCI1_5_R_521
DKU_SCI1_5_522,SCI1_5_R_522
DKU_SCI1_5_523,SCI1_5_R_523
DKU_SCI1_5_524,SCI1_5_R_524
DKU_SCI1_5_525,SCI1_5_R_525
DKU_SCI2_1_101,SCI2_1_R_101
DKU_SCI2_1_102,SCI2_1_R_102
DKU_SCI2_1_103,SCI2_1_R_103
DKU_SCI2_1_104,SCI2_1_R_104
DKU_SCI2_1_104_1,SCI2_1_R_104_1
DKU_SCI2_1_105,SCI2_1_R_105
DKU_SCI2_1_106,SCI2_1_R_106
DKU_SCI2_1_107,SCI2_1_R_107
DKU_SCI2_1_107_1,SCI2_1_R_107_1
DKU_SCI2_1_108,SCI2_1_R_108
DKU_SCI2_1_109,SCI2_1_R_109
DKU_SCI2_1_110,SCI2_1_R_110
DKU_SCI2_1_110_1,SCI2_1_R_110_1
DKU_SCI2_1_110_2,SCI2_1_R_110_2
DKU_SCI2_1_111,SCI2_1_R_111
DKU_SCI2_2_201,SCI2_2_N024
DKU_SCI2_2_202,SCI2_2_N024
DKU_SCI2_2_203,SCI2_2_N023
DKU_SCI2_2_204,SCI2_2_N022
DKU_SCI2_2_205,SCI2_2_N021
DKU_SCI2_2_206,SCI2_2_N017
DKU_SCI2_2_207,SCI2_2_N018
DKU_SCI2_2_208,SCI2_2_N018
DKU_SCI2_2_209,SCI2_2_N018
DKU_SCI2_2_210,SCI2_2_N018
DKU_SCI2_2_211,SCI2_2_N018
DKU_SCI2_2_212,SCI2_2_N018
DKU_SCI2_2_213,SCI2_2_N017
DKU_SCI2_2_214,SCI2_2_N017
DKU_SCI2_2_215,SCI2_2_N021
DKU_SCI2_2_216,SCI2_2_N022
DKU_SCI2_2_217,SCI2_2_N023
DKU_SCI2_2_218,SCI2_2_N027
DKU_SCI2_2_219,SCI2_2_N028
DKU_SCI2_2_220,SCI2_2_N029
DKU_SCI2_2_220_1,SCI2_2_R_220_1
DKU_SCI2_2_221,SCI2_2_N029
DKU_SCI2_2_221_1,SCI2_2_R_221_1
DKU_SCI2_2_222,SCI2_2_N027
DKU_SCI2_3_301,SCI2_3_R_301
DKU_SCI2_3_302,SCI2_3_R_302
DKU_SCI2_3_303,SCI2_3_R_303
DKU_SCI2_3_304,SCI2_3_R_304
DKU_SCI2_3_305,SCI2_3_R_305
DKU_SCI2_3_305_1,SCI2_3_R_305_1
DKU_SCI2_3_306,SCI2_3_R_306
DKU_SCI2_3_307,SCI2_3_R_307
DKU_SCI2_3_308,SCI2_3_R_308
DKU_SCI2_3_309,SCI2_3_R_309
DKU_SCI2_3_310,SCI2_3_R_310
DKU_SCI2_3_311,SCI2_3_R_311
DKU_SCI2_3_312,SCI2_3_R_312
DKU_SCI2_3_313,SCI2_3_R_313
DKU_SCI2_3_314,SCI2_3_R_314
DKU_SCI2_3_315,SCI2_3_R_315
DKU_SCI2_3_316,SCI2_3_R_316
DKU_SCI2_3_316_1,SCI2_3_R_316_1
DKU_SCI2_3_317,SCI2_3_R_317
DKU_SCI2_3_318,SCI2_3_R_318
DKU_SCI2_3_319,SCI2_3_R_319
DKU_SCI2_3_320,SCI2_3_R_320
DKU_SCI2_3_321,SCI2_3_R_321
DKU_SCI2_3_322,SCI2_3_R_322
DKU_SCI2_3_323,SCI2_3_R_323
DKU_SCI2_3_324,SCI2_3_R_324
DKU_SCI2_3_325,SCI2_3_R_325
DKU_SCI2_3_326,SCI2_3_R_326
DKU_SCI2_4_401,SCI2_4_N038
DKU_SCI2_4_401_1,SCI2_4_R_401_1
DKU_SCI2_4_402,SCI2_4_N037
DKU_SCI2_4_402_1,SCI2_4_R_402_1
DKU_SCI2_4_403,SCI2_4_N036
DKU_SCI2_4_404,SCI2_4_N036
DKU_SCI2_4_405,SCI2_4_N031
DKU_SCI2_4_406,SCI2_4_N032
DKU_SCI2_4_407,SCI2_4_N032
DKU_SCI2_4_408,SCI2_4_N032
DKU_SCI2_4_409,SCI2_4_N032
DKU_SCI2_4_410,SCI2_4_N032
DKU_SCI2_4_411,SCI2_4_N032
DKU_SCI2_4_412,SCI2_4_N031
DKU_SCI2_4_413,SCI2_4_N031
DKU_SCI2_4_414,SCI2_4_N036
DKU_SCI2_4_415,SCI2_4_N036
DKU_SCI2_4_415_1,SCI2_4_R_415_1
DKU_SCI2_4_416,SCI2_4_N037
DKU_SCI2_4_416_1,SCI2_4_R_416_1
DKU_SCI2_4_417,SCI2_4_N042
DKU_SCI2_4_418,SCI2_4_N043
DKU_SCI2_4_419,SCI2_4_N043
DKU_SCI2_4_420,SCI2_4_N044
DKU_SCI2_4_421,SCI2_4_N044
DKU_SCI2_4_422,SCI2_4_N042
DKU_SCI2_5_501,SCI2_5_R_501
DKU_SCI2_5_502,SCI2_5_R_502
DKU_SCI2_5_503,SCI2_5_R_503
DKU_SCI2_5_504,SCI2_5_R_504
DKU_SCI2_5_505,SCI2_5_R_505
DKU_SCI2_5_506,SCI2_5_R_506
DKU_SCI2_5_507,SCI2_5_R_507
DKU_SCI2_5_508,SCI2_5_R_508
DKU_SCI2_5_509,SCI2_5_R_509
DKU_SCI2_5_510,SCI2_5_R_510
DKU_SCI2_5_511,SCI2_5_R_511
DKU_SCI2_5_512,SCI2_5_R_512
DKU_SCI2_5_513,SCI2_5_R_513
DKU_SCI2_5_514,SCI2_5_R_514
DKU_SCI2_5_515,SCI2_5_R_515
DKU_SCI2_5_516,SCI2_5_R_516
DKU_SCI2_5_517,SCI2_5_R_517
DKU_SCI2_5_518,SCI2_5_R_518
DKU_SCI2_5_519,SCI2_5_R_519
DKU_SCI2_5_520,SCI2_5_R_520
DKU_SCI2_5_521,SCI2_5_R_521
DKU_SCI2_5_522,SCI2_5_R_522
DKU_SCI2_5_523,SCI2_5_R_523
DKU_SCI2_5_524,SCI2_5_R_524
DKU_SCI2_5_525,SCI2_5_R_525
DKU_SCI2_5_526,SCI2_5_R_526
DKU_SCI2_5_527,SCI2_5_R_527
DKU_SCI2_5_528,SCI2_5_R_528
DKU_SCI3_1_101,SCI3_1_R_101
DKU_SCI3_1_102,SCI3_1_R_102
DKU_SCI3_1_103,SCI3_1_R_103
DKU_SCI3_1_104,SCI3_1_R_104
DKU_SCI3_1_105,SCI3_1_R_105
DKU_SCI3_1_106,SCI3_1_R_106
DKU_SCI3_1_107,SCI3_1_R_107
DKU_SCI3_1_108,SCI3_1_R_108
DKU_SCI3_1_109,SCI3_1_R_109
DKU_SCI3_1_110,SCI3_1_R_110
DKU_SCI3_1_111,SCI3_1_R_111
DKU_SCI3_2_201,SCI3_2_R_201
DKU_SCI3_2_202,SCI3_2_R_202
DKU_SCI3_2_203,SCI3_2_R_203
DKU_SCI3_2_204,SCI3_2_R_204
DKU_SCI3_2_205,SCI3_2_R_205
DKU_SCI3_2_206,SCI3_2_R_206
DKU_SCI3_2_207,SCI3_2_R_207
DKU_SCI3_2_208,SCI3_2_R_208
DKU_SCI3_2_209,SCI3_2_R_209
DKU_SCI3_2_210,SCI3_2_R_210
DKU_SCI3_2_211,SCI3_2_R_211
DKU_SCI3_2_212,SCI3_2_R_212
DKU_SCI3_2_213,SCI3_2_R_213
DKU_SCI3_2_214,SCI3_2_R_214
DKU_SCI3_2_215,SCI3_2_R_215
DKU_SCI3_2_216,SCI3_2_R_216
DKU_SCI3_2_217,SCI3_2_R_217
DKU_SCI3_2_218,SCI3_2_R_218
DKU_SCI3_2_219,SCI3_2_R_219
DKU_SCI3_2_220,SCI3_2_R_220
DKU_SCI3_2_221,SCI3_2_R_221
DKU_SCI3_2_222,SCI3_2_R_222
DKU_SCI3_2_223,SCI3_2_R_223
DKU_SCI3_2_224,SCI3_2_R_224
DKU_SCI3_2_224_1,SCI3_2_R_224_1
DKU_SCI3_2_225,SCI3_2_R_225
DKU_SCI3_2_226,SCI3_2_R_226
DKU_SCI3_2_227,SCI3_2_R_227
DKU_SCI3_3_301,SCI3_3_N053
DKU_SCI3_3_302,SCI3_3_N053
DKU_SCI3_3_303,SCI3_3_N052
DKU_SCI3_3_304,SCI3_3_N051
DKU_SCI3_3_305,SCI3_3_N051
DKU_SCI3_3_305_1,SCI3_3_R_305_1
DKU_SCI3_3_305_2,SCI3_3_R_305_2
DKU_SCI3_3_305_3,SCI3_3_R_305_3
DKU_SCI3_3_306,SCI3_3_N046
DKU_SCI3_3_307,SCI3_3_N047
DKU_SCI3_3_308,SCI3_3_N047
DKU_SCI3_3_309,SCI3_3_N047
DKU_SCI3_3_310,SCI3_3_N047
DKU_SCI3_3_311,SCI3_3_N047
DKU_SCI3_3_312,SCI3_3_N047
DKU_SCI3_3_313,SCI3_3_N046
DKU_SCI3_3_314,SCI3_3_N046
DKU_SCI3_3_315,SCI3_3_N051
DKU_SCI3_3_315_1,SCI3_3_R_315_1
DKU_SCI3_3_316,SCI3_3_N052
DKU_SCI3_3_317,SCI3_3_N053
DKU_SCI3_3_318,SCI3_3_N057
DKU_SCI3_3_319,SCI3_3_N058
DKU_SCI3_3_320,SCI3_3_N058
DKU_SCI3_3_321,SCI3_3_N057
DKU_SCI3_3_321_1,SCI3_3_R_321_1
DKU_SCI3_4_401,SCI3_4_R_401
DKU_SCI3_4_402,SCI3_4_R_402
DKU_SCI3_4_403,SCI3_4_R_403
DKU_SCI3_4_404,SCI3_4_R_404
DKU_SCI3_4_405,SCI3_4_R_405
DKU_SCI3_4_406,SCI3_4_R_406
DKU_SCI3_4_407,SCI3_4_R_407
DKU_SCI3_4_408,SCI3_4_R_408
DKU_SCI3_4_409,SCI3_4_R_409
DKU_SCI3_4_410,SCI3_4_R_410
DKU_SCI3_4_411,SCI3_4_R_411
DKU_SCI3_4_412,SCI3_4_R_412
DKU_SCI3_4_413,SCI3_4_R_413
DKU_SCI3_4_414,SCI3_4_R_414
DKU_SCI3_4_415,SCI3_4_R_415
DKU_SCI3_4_416,SCI3_4_R_416
DKU_SCI3_4_417,SCI3_4_R_417
DKU_SCI3_4_418,SCI3_4_R_418
DKU_SCI3_4_419,SCI3_4_R_419
DKU_SCI3_4_420,SCI3_4_R_420
DKU_SCI3_4_421,SCI3_4_R_421
DKU_SCI3_4_422,SCI3_4_R_422
DKU_SCI3_4_422_1,SCI3_4_R_422_1
DKU_SCI3_4_423,SCI3_4_R_423
DKU_SCI3_4_424,SCI3_4_R_424
DKU_SCI3_5_501,SCI3_5_R_501
DKU_SCI3_5_502,SCI3_5_R_502
DKU_SCI3_5_503,SCI3_5_R_503
DKU_SCI3_5_504,SCI3_5_R_504
DKU_SCI3_5_505,SCI3_5_R_505
DKU_SCI3_5_506,SCI3_5_R_506
DKU_SCI3_5_507,SCI3_5_R_507
DKU_SCI3_5_508,SCI3_5_R_508
DKU_SCI3_5_509,SCI3_5_R_509
DKU_SCI3_5_510,SCI3_5_R_510
DKU_SCI3_5_511,SCI3_5_R_511
DKU_SCI3_5_512,SCI3_5_R_512
DKU_SCI3_5_513,SCI3_5_R_513
DKU_SCI3_5_514,SCI3_5_R_514
DKU_SCI3_5_515,SCI3_5_R_515
DKU_SCI3_5_516,SCI3_5_R_516
DKU_SCI3_5_517,SCI3_5_R_517
DKU_SCI3_5_518,SCI3_5_R_518
DKU_SCI3_5_519,SCI3_5_R_519
DKU_SCI3_5_520,SCI3_5_R_520
DKU_SCI3_5_521,SCI3_5_R_521
DKU_SCI3_5_522,SCI3_5_R_522
