room_position_id,room_id,x,y,width,height,polygon_points,nearest_indoor_node_id,center_x,center_y
POS_001,DKU_ICT_-1_101,355.0,232.0,43.0,40.0,"355,232;398,232;398,272;355,272",,,
POS_002,DKU_ICT_-1_102,357.0,276.0,39.0,82.0,"357,276;396,276;396,358;357,358",,,
POS_003,DKU_ICT_-1_103,358.0,394.0,36.0,62.0,"358,363;394,363;394,425;358,425",,,
POS_004,DKU_ICT_-1_104,346.0,447.0,49.0,85.0,"346,447;395,447;395,532;346,532",,,
POS_005,DKU_ICT_-1_105,347.0,535.0,48.0,16.0,"347,535;395,535;395,551;347,551",,,
POS_006,DKU_ICT_-1_106,,,,,,,,
POS_007,DKU_ICT_-1_107,418.0,492.0,36.0,37.0,"418,492;454,492;454,529;418,529",,,
POS_008,DKU_ICT_-1_108,417.0,406.0,37.0,80.0,"417,406;454,406;454,486;417,486",,,
POS_009,DKU_ICT_-1_109,415.0,384.0,41.0,19.0,"415,384;456,384;456,403;415,403",,,
POS_010,DKU_ICT_-1_110,417.0,362.0,38.0,19.0,"417,362;455,362;455,381;417,381",,,
POS_011,DKU_ICT_-1_111,417.0,275.0,39.0,84.0,"415,275;454,275;454,359;415,359",,,
POS_012,DKU_ICT_-1_112,476.0,219.0,63.0,54.0,"476,219;539,219;539,273;476,273",,,
POS_013,DKU_ICT_-1_113,499.0,166.0,40.0,51.0,"499,166;539,166;539,217;499,217",,,
POS_014,DKU_ICT_-1_114,460.0,168.0,33.0,48.0,"460,168;493,168;493,216;460,216",,,
POS_015,DKU_ICT_1_101,585.0,233.0,83.0,39.0,"585,233;668,233;668,272;585,272",,,
POS_016,DKU_ICT_1_102,637.0,234.0,82.0,37.0,"673,234;755,234;755,271;673,271",,,
POS_017,DKU_ICT_1_103,737.0,164.0,18.0,51.0,"737,164;755,164;755,215;737,215",,,
POS_018,DKU_ICT_1_104,672.0,164.0,60.0,53.0,"672,164;732,164;732,217;672,217",,,
POS_019,DKU_ICT_1_105,585.0,174.0,40.0,41.0,"585,174;625,174;625,215;585,215",,,
POS_020,DKU_ICT_1_106,564.0,173.0,18.0,31.0,"564,173;582,173;582,204;564,204",,,
POS_021,DKU_ICT_1_107,544.0,173.0,16.0,31.0,"544,173;560,173;560,204;544,204",,,
POS_022,DKU_ICT_1_108,355.0,230.0,39.0,41.0,"355,230;394,230;394,271;355,271",,,
POS_023,DKU_ICT_1_109,357.0,275.0,38.0,64.0,"357,275;395,275;395,339;357,339",,,
POS_024,DKU_ICT_1_110,355.0,343.0,38.0,16.0,"355,343;393,343;393,359;355,359",,,
POS_025,DKU_ICT_1_111,372.0,362.0,21.0,38.0,"372,362;393,362;393,400;372,400",,,
POS_026,DKU_ICT_1_112,372.0,403.0,23.0,39.0,"372,403;395,403;395,442;372,442",,,
POS_027,DKU_ICT_1_113,347.0,466.0,48.0,44.0,"347,466;395,466;395,510;347,510",,,
POS_028,DKU_ICT_1_114,345.0,535.0,48.0,14.0,"345,535;393,535;393,549;345,549",,,
POS_029,DKU_ICT_1_115,,,,,,,,
POS_030,DKU_ICT_1_116,,,,,,,,
POS_031,DKU_ICT_1_117,416.0,512.0,38.0,19.0,"416,512;454,512;454,531;416,531",,,
POS_032,DKU_ICT_1_118,414.0,491.0,40.0,19.0,"414,491;454,491;454,510;414,510",,,
POS_033,DKU_ICT_1_119,415.0,470.0,39.0,19.0,"415,470;454,470;454,489;415,489",,,
POS_034,DKU_ICT_1_120,416.0,449.0,38.0,17.0,"416,449;454,449;454,466;416,466",,,
POS_035,DKU_ICT_1_121,416.0,427.0,38.0,18.0,"416,427;454,427;454,445;416,445",,,
POS_036,DKU_ICT_1_122,415.0,406.0,38.0,18.0,"415,406;453,406;453,424;415,424",,,
POS_037,DKU_ICT_1_123,416.0,384.0,38.0,17.0,"416,384;454,384;454,401;416,401",,,
POS_038,DKU_ICT_1_124,415.0,361.0,38.0,18.0,"415,361;453,361;453,379;415,379",,,
POS_039,DKU_ICT_1_125,415.0,341.0,40.0,17.0,"415,341;455,341;455,358;415,358",,,
POS_040,DKU_ICT_1_126,417.0,317.0,37.0,19.0,"417,317;454,317;454,336;417,336",,,
POS_041,DKU_ICT_1_127,416.0,273.0,38.0,20.0,"416,273;454,273;454,293;416,293",,,
POS_042,DKU_ICT_1_128,,,,,,,,
POS_043,DKU_ICT_2_201,542.0,232.0,40.0,40.0,"542,232;582,232;582,272;542,272",,,
POS_044,DKU_ICT_2_202,586.0,234.0,40.0,39.0,"586,234;626,234;626,273;586,273",,,
POS_045,DKU_ICT_2_203,629.0,232.0,60.0,41.0,"629,232;689,232;689,273;629,273",,,
POS_046,DKU_ICT_2_204,695.0,232.0,59.0,42.0,"695,232;754,232;754,274;695,274",,,
POS_047,DKU_ICT_2_205,672.0,175.0,82.0,40.0,"672,175;754,175;754,215;672,215",,,
POS_048,DKU_ICT_2_206,629.0,174.0,41.0,42.0,"629,174;670,174;670,216;629,216",,,
POS_049,DKU_ICT_2_207,544.0,173.0,81.0,43.0,"544,173;625,173;625,216;544,216",,,
POS_050,DKU_ICT_2_208,356.0,232.0,39.0,39.0,"356,232;395,232;395,271;356,271",,,
POS_051,DKU_ICT_2_209,,,,,,,,
POS_052,DKU_ICT_2_210,357.0,275.0,37.0,40.0,"357,275;394,275;394,315;357,315",,,
POS_053,DKU_ICT_2_211,357.0,320.0,38.0,29.0,"357,320;395,320;395,349;357,349",,,
POS_054,DKU_ICT_2_212,357.0,361.0,38.0,40.0,"357,361;395,361;395,401;357,401",,,
POS_055,DKU_ICT_2_213,356.0,406.0,40.0,36.0,"356,406;396,406;396,442;356,442",,,
POS_056,DKU_ICT_2_214,348.0,466.0,49.0,43.0,"348,466;397,466;397,509;348,509",,,
POS_057,DKU_ICT_2_215,457.0,593.0,62.0,24.0,"457,593;519,593;519,617;457,617",,,
POS_058,DKU_ICT_2_216,522.0,594.0,27.0,23.0,"522,594;549,594;549,617;522,617",,,
POS_059,DKU_ICT_2_217,415.0,556.0,38.0,18.0,"415,556;453,556;453,574;415,574",,,
POS_060,DKU_ICT_2_218,415.0,534.0,38.0,18.0,"415,534;453,534;453,552;415,552",,,
POS_061,DKU_ICT_2_219,416.0,513.0,36.0,19.0,"416,513;452,513;452,532;416,532",,,
POS_062,DKU_ICT_2_220,415.0,494.0,37.0,14.0,"415,494;452,494;452,508;415,508",,,
POS_063,DKU_ICT_2_221,416.0,468.0,37.0,20.0,"416,468;453,468;453,488;416,488",,,
POS_064,DKU_ICT_2_222,414.0,449.0,40.0,17.0,"414,449;454,449;454,466;414,466",,,
POS_065,DKU_ICT_2_223,418.0,405.0,38.0,20.0,"416,428;454,428;454,446;416,446",,,
POS_066,DKU_ICT_2_224,418.0,405.0,36.0,20.0,"418,405;454,405;454,425;418,425",,,
POS_067,DKU_ICT_2_225,417.0,384.0,36.0,19.0,"417,384;453,384;453,403;417,403",,,
POS_068,DKU_ICT_2_226,417.0,360.0,38.0,20.0,"417,360;455,360;455,380;417,380",,,
POS_069,DKU_ICT_2_227,416.0,274.0,39.0,84.0,"416,274;455,274;455,358;416,358",,,
POS_070,DKU_ICT_3_301,542.0,234.0,40.0,39.0,"542,234;582,234;582,273;542,273",,,
POS_071,DKU_ICT_3_302,629.0,254.0,19.0,19.0,"629,254;648,254;648,273;629,273",,,
POS_072,DKU_ICT_3_303,651.0,237.0,60.0,35.0,"651,237;711,237;711,272;651,272",,,
POS_073,DKU_ICT_3_304,715.0,235.0,40.0,38.0,"715,235;755,235;755,273;715,273",,,
POS_074,DKU_ICT_3_305,698.0,177.0,56.0,40.0,"698,177;754,177;754,217;698,217",,,
POS_075,DKU_ICT_3_306,627.0,177.0,67.0,39.0,"627,177;694,177;694,216;627,216",,,
POS_076,DKU_ICT_3_307,586.0,176.0,38.0,39.0,"586,176;624,176;624,215;586,215",,,
POS_077,DKU_ICT_3_308,544.0,176.0,37.0,39.0,"544,176;581,176;581,215;544,215",,,
POS_078,DKU_ICT_3_309,528.0,166.0,11.0,35.0,"528,166;539,166;539,201;528,201",,,
POS_079,DKU_ICT_3_310,457.0,167.0,53.0,50.0,"457,167;510,167;510,217;457,217",,,
POS_080,DKU_ICT_3_311,354.0,230.0,39.0,44.0,"354,230;393,230;393,274;354,274",,,
POS_081,DKU_ICT_3_312,354.0,277.0,41.0,40.0,"354,277;395,277;395,317;354,317",,,
POS_082,DKU_ICT_3_313,354.0,345.0,41.0,15.0,"354,345;395,345;395,360;354,360",,,
POS_083,DKU_ICT_3_314,354.0,362.0,40.0,41.0,"354,362;394,362;394,403;354,403",,,
POS_084,DKU_ICT_3_315,377.0,406.0,18.0,31.0,"377,406;395,406;395,437;377,437",,,
POS_085,DKU_ICT_3_316,376.0,440.0,23.0,27.0,"376,440;399,440;399,467;376,467",,,
POS_086,DKU_ICT_3_317,344.0,471.0,53.0,39.0,"344,471;397,471;397,510;344,510",,,
POS_087,DKU_ICT_3_318,345.0,513.0,50.0,38.0,"345,513;395,513;395,551;345,551",,,
POS_088,DKU_ICT_3_319,413.0,558.0,38.0,16.0,"413,558;451,558;451,574;413,574",,,
POS_089,DKU_ICT_3_320,413.0,535.0,41.0,18.0,"413,535;454,535;454,553;413,553",,,
POS_090,DKU_ICT_3_321,416.0,515.0,36.0,17.0,"416,515;452,515;452,532;416,532",,,
POS_091,DKU_ICT_3_322,414.0,494.0,40.0,17.0,"414,494;454,494;454,511;414,511",,,
POS_092,DKU_ICT_3_323,415.0,472.0,37.0,15.0,"415,472;452,472;452,487;415,487",,,
POS_093,DKU_ICT_3_324,416.0,449.0,36.0,19.0,"416,449;452,449;452,468;416,468",,,
POS_094,DKU_ICT_3_325,415.0,428.0,37.0,17.0,"415,428;452,428;452,445;415,445",,,
POS_095,DKU_ICT_3_326,,,,,,,,
POS_096,DKU_ICT_3_327,414.0,385.0,40.0,38.0,"414,385;454,385;454,423;414,423",,,
POS_097,DKU_ICT_3_328,416.0,363.0,37.0,19.0,"416,363;453,363;453,382;416,382",,,
POS_098,DKU_ICT_3_329,415.0,340.0,38.0,19.0,"415,340;453,340;453,359;415,359",,,
POS_099,DKU_ICT_3_330,415.0,320.0,38.0,19.0,"415,320;453,320;453,339;415,339",,,
POS_100,DKU_ICT_3_331,415.0,276.0,39.0,39.0,"415,276;454,276;454,315;415,315",,,
POS_101,DKU_ICT_3_332,477.0,234.0,21.0,39.0,"477,234;498,234;498,273;477,273",,,
POS_102,DKU_ICT_4_401,543.0,233.0,17.0,42.0,"543,233;560,233;560,275;543,275",,,
POS_103,DKU_ICT_4_402,585.0,234.0,18.0,38.0,"585,234;603,234;603,272;585,272",,,
POS_104,DKU_ICT_4_403,608.0,235.0,16.0,39.0,"608,235;624,235;624,274;608,274",,,
POS_105,DKU_ICT_4_404,629.0,231.0,16.0,43.0,"629,231;645,231;645,274;629,274",,,
POS_106,DKU_ICT_4_405,650.0,236.0,17.0,36.0,"650,236;667,236;667,272;650,272",,,
POS_107,DKU_ICT_4_406,672.0,232.0,83.0,41.0,"672,232;755,232;755,273;672,273",,,
POS_108,DKU_ICT_4_407,715.0,176.0,37.0,43.0,"715,176;752,176;752,219;715,219",,,
POS_109,DKU_ICT_4_408,672.0,175.0,39.0,42.0,"672,175;711,175;711,217;672,217",,,
POS_110,DKU_ICT_4_409,586.0,174.0,36.0,41.0,"586,174;622,174;622,215;586,215",,,
POS_111,DKU_ICT_4_410,500.0,165.0,39.0,51.0,"500,165;539,165;539,216;500,216",,,
POS_112,DKU_ICT_4_411,355.0,231.0,40.0,41.0,"355,231;395,231;395,272;355,272",,,
POS_113,DKU_ICT_4_412,354.0,277.0,37.0,38.0,"354,277;391,277;391,315;354,315",,,
POS_114,DKU_ICT_4_413,351.0,318.0,43.0,40.0,"351,318;394,318;394,358;351,358",,,
POS_115,DKU_ICT_4_414,352.0,362.0,43.0,37.0,"352,362;395,362;395,399;352,399",,,
POS_116,DKU_ICT_4_415,355.0,403.0,38.0,40.0,"355,403;393,403;393,443;355,443",,,
POS_117,DKU_ICT_4_416,346.0,469.0,46.0,61.0,"346,469;392,469;392,530;346,530",,,
POS_118,DKU_ICT_4_417,346.0,534.0,47.0,19.0,"346,534;393,534;393,553;346,553",,,
POS_119,DKU_ICT_4_418,414.0,558.0,37.0,18.0,"414,558;451,558;451,576;414,576",,,
POS_120,DKU_ICT_4_419,414.0,536.0,40.0,17.0,"414,536;454,536;454,553;414,553",,,
POS_121,DKU_ICT_4_420,412.0,514.0,42.0,18.0,"412,514;454,514;454,532;412,532",,,
POS_122,DKU_ICT_4_421,415.0,493.0,38.0,17.0,"415,493;453,493;453,510;415,510",,,
POS_123,DKU_ICT_4_422,414.0,470.0,39.0,18.0,"414,470;453,470;453,488;414,488",,,
POS_124,DKU_ICT_4_423,415.0,451.0,38.0,17.0,"415,451;453,451;453,468;415,468",,,
POS_125,DKU_ICT_4_424,416.0,427.0,37.0,19.0,"416,427;453,427;453,446;416,446",,,
POS_126,DKU_ICT_4_425,414.0,406.0,37.0,17.0,"414,406;451,406;451,423;414,423",,,
POS_127,DKU_ICT_4_426,414.0,384.0,39.0,18.0,"414,384;453,384;453,402;414,402",,,
POS_128,DKU_ICT_4_427,415.0,362.0,38.0,19.0,"415,362;453,362;453,381;415,381",,,
POS_129,DKU_ICT_4_428,415.0,342.0,37.0,18.0,"415,342;452,342;452,360;415,360",,,
POS_130,DKU_ICT_4_429,416.0,297.0,35.0,20.0,"416,297;451,297;451,317;416,317",,,
POS_131,DKU_ICT_4_430,476.0,235.0,22.0,39.0,"476,235;498,235;498,274;476,274",,,
POS_132,DKU_ICT_5_501,499.0,233.0,19.0,37.0,"499,233;518,233;518,270;499,270",,,
POS_133,DKU_ICT_5_502,521.0,232.0,17.0,39.0,"521,232;538,232;538,271;521,271",,,
POS_134,DKU_ICT_5_503,542.0,234.0,21.0,35.0,"542,234;563,234;563,269;542,269",,,
POS_135,DKU_ICT_5_504,566.0,232.0,15.0,36.0,"566,232;581,232;581,268;566,268",,,
POS_136,DKU_ICT_5_505,584.0,232.0,20.0,37.0,"584,232;604,232;604,269;584,269",,,
POS_137,DKU_ICT_5_506,606.0,233.0,20.0,35.0,"606,233;626,233;626,268;606,268",,,
POS_138,DKU_ICT_5_507,628.0,233.0,18.0,40.0,"628,233;646,233;646,273;628,273",,,
POS_139,DKU_ICT_5_508,651.0,233.0,16.0,35.0,"651,233;667,233;667,268;651,268",,,
POS_140,DKU_ICT_5_509,673.0,232.0,15.0,38.0,"673,232;688,232;688,270;673,270",,,
POS_141,DKU_ICT_5_510,693.0,233.0,17.0,36.0,"693,233;710,233;710,269;693,269",,,
POS_142,DKU_ICT_5_511,714.0,232.0,17.0,37.0,"714,232;731,232;731,269;714,269",,,
POS_143,DKU_ICT_5_512,735.0,233.0,18.0,37.0,"735,233;753,233;753,270;735,270",,,
POS_144,DKU_ICT_5_513,715.0,165.0,37.0,52.0,"715,165;752,165;752,217;715,217",,,
POS_145,DKU_ICT_5_514,671.0,165.0,42.0,50.0,"671,165;713,165;713,215;671,215",,,
POS_146,DKU_ICT_5_515,628.0,165.0,38.0,49.0,"628,165;666,165;666,214;628,214",,,
POS_147,DKU_ICT_5_516,541.0,166.0,85.0,49.0,"541,166;626,166;626,215;541,215",,,
POS_148,DKU_ICT_5_517,476.0,167.0,65.0,49.0,"476,167;541,167;541,216;476,216",,,
POS_149,DKU_LIB_1_103,682.0,392.0,235.0,130.0,"682,392;917,392;917,522;682,522",,,
POS_150,DKU_LIB_1_110,277.0,390.0,236.0,131.0,"277,390;513,390;513,521;277,521",,,
POS_151,DKU_LIB_2_201,656.0,462.0,51.0,183.0,"656,462;707,462;707,645;656,645",,,
POS_152,DKU_LIB_2_202,712.0,462.0,168.0,185.0,"712,462;880,462;880,647;712,647",,,
POS_153,DKU_LIB_2_205,713.0,266.0,170.0,79.0,"713,266;883,266;883,345;713,345",,,
POS_154,DKU_LIB_2_206,654.0,265.0,58.0,28.0,"654,265;712,265;712,293;654,293",,,
POS_155,DKU_LIB_2_207,257.0,192.0,225.0,155.0,"257,192;482,192;482,347;257,347",,,
POS_156,DKU_LIB_2_211,256.0,461.0,112.0,182.0,"256,461;368,461;368,643;256,643",,,
POS_157,DKU_LIB_2_212,373.0,523.0,111.0,119.0,"373,523;484,523;484,642;373,642",,,
POS_158,DKU_LIB_3_301,659.0,504.0,239.0,134.0,"659,504;898,504;898,638;659,638",,,
POS_159,DKU_LIB_3_302,839.0,252.0,61.0,109.0,"839,252;900,252;900,361;839,361",,,
POS_160,DKU_LIB_3_303,776.0,165.0,122.0,82.0,"776,165;898,165;898,247;776,247",,,
POS_161,DKU_LIB_3_304,718.0,166.0,54.0,33.0,"718,166;772,166;772,199;718,199",,,
POS_162,DKU_LIB_3_305,690.0,166.0,27.0,33.0,"690,166;717,166;717,199;690,199",,,
POS_163,DKU_LIB_3_306,660.0,167.0,28.0,32.0,"660,167;688,167;688,199;660,199",,,
POS_164,DKU_LIB_3_307,662.0,203.0,108.0,94.0,"662,203;770,203;770,297;662,297",,,
POS_165,DKU_LIB_3_308,499.0,302.0,54.0,29.0,"499,302;553,302;553,331;499,331",,,
POS_166,DKU_LIB_3_309,,,,,,,,
POS_167,DKU_LIB_3_310,254.0,165.0,43.0,81.0,"254,165;297,165;297,246;254,246",,,
POS_168,DKU_LIB_3_311,255.0,248.0,46.0,51.0,"255,248;301,248;301,299;255,299",,,
POS_169,DKU_LIB_3_312,254.0,302.0,44.0,62.0,"254,302;298,302;298,364;254,364",,,
POS_170,DKU_LIB_3_313,300.0,302.0,43.0,31.0,"300,302;343,302;343,333;300,333",,,
POS_171,DKU_LIB_3_314,345.0,334.0,14.0,30.0,"345,334;359,334;359,364;345,364",,,
POS_172,DKU_LIB_3_315,438.0,326.0,24.0,37.0,"438,326;462,326;462,363;438,363",,,
POS_173,DKU_LIB_3_316,318.0,369.0,42.0,70.0,"318,369;360,369;360,439;318,439",,,
POS_174,DKU_LIB_3_317,254.0,444.0,103.0,56.0,"254,444;357,444;357,500;254,500",,,
POS_175,DKU_LIB_3_318,252.0,504.0,107.0,135.0,"252,504;359,504;359,639;252,639",,,
POS_176,DKU_LIB_3_319,430.0,479.0,222.0,80.0,"430,479;652,479;652,559;430,559",,,
POS_177,DKU_LIB_3_320,361.0,568.0,75.0,72.0,"361,568;436,568;436,640;361,640",,,
POS_178,DKU_LIB_4_401,677.0,511.0,232.0,129.0,"677,511;909,511;909,640;677,640",,,
POS_179,DKU_LIB_4_402,677.0,166.0,232.0,161.0,"677,166;909,166;909,327;677,327",,,
POS_180,DKU_LIB_4_403,624.0,305.0,49.0,25.0,"624,305;673,305;673,330;624,330",,,
POS_181,DKU_LIB_4_404,569.0,305.0,54.0,27.0,"569,305;623,305;623,332;569,332",,,
POS_182,DKU_LIB_4_405,539.0,303.0,30.0,26.0,"539,303;569,303;569,329;539,329",,,
POS_183,DKU_LIB_4_406,511.0,303.0,28.0,29.0,"511,303;539,303;539,332;511,332",,,
POS_184,DKU_LIB_4_407,266.0,164.0,241.0,171.0,"266,164;507,164;507,335;266,335",,,
POS_185,DKU_LIB_4_408,271.0,445.0,117.0,194.0,"271,445;388,445;388,639;271,639",,,
POS_186,DKU_LIB_4_409,392.0,526.0,116.0,115.0,"392,526;508,526;508,641;392,641",,,
POS_187,DKU_LIB_5_501,682.0,500.0,234.0,143.0,"682,500;916,500;916,643;682,643",,,
POS_188,DKU_LIB_5_502,677.0,164.0,242.0,164.0,"677,164;919,164;919,328;677,328",,,
POS_189,DKU_LIB_5_503,631.0,302.0,43.0,26.0,"631,302;674,302;674,328;631,328",,,
POS_190,DKU_LIB_5_504,574.0,303.0,50.0,26.0,"574,303;624,303;624,329;574,329",,,
POS_191,DKU_LIB_5_505,545.0,302.0,26.0,26.0,"545,302;571,302;571,328;545,328",,,
POS_192,DKU_LIB_5_506,516.0,303.0,24.0,27.0,"516,303;540,303;540,330;516,330",,,
POS_193,DKU_LIB_5_507,274.0,164.0,238.0,168.0,"274,164;512,164;512,332;274,332",,,
POS_194,DKU_LIB_5_508,272.0,444.0,122.0,197.0,"272,444;394,444;394,641;272,641",,,
POS_195,DKU_LIB_5_509,399.0,538.0,114.0,99.0,"399,538;513,538;513,637;399,637",,,
POS_196,DKU_LIB_6_601,668.0,562.0,114.0,79.0,"668,562;782,562;782,641;668,641",,,
POS_197,DKU_LIB_6_602,787.0,446.0,122.0,196.0,"787,446;909,446;909,642;787,642",,,
POS_198,DKU_LIB_6_603,785.0,169.0,123.0,77.0,"785,169;908,169;908,246;785,246",,,
POS_199,DKU_LIB_6_604,667.0,169.0,111.0,75.0,"667,169;778,169;778,244;667,244",,,
POS_200,DKU_LIB_6_605,672.0,250.0,54.0,54.0,"672,250;726,250;726,304;672,304",,,
POS_201,DKU_LIB_6_606,619.0,304.0,45.0,28.0,"619,304;664,304;664,332;619,332",,,
POS_202,DKU_LIB_6_607,565.0,305.0,53.0,29.0,"565,305;618,305;618,334;565,334",,,
POS_203,DKU_LIB_6_608,535.0,304.0,28.0,28.0,"535,304;563,304;563,332;535,332",,,
POS_204,DKU_LIB_6_609,507.0,305.0,29.0,30.0,"507,305;536,305;536,335;507,335",,,
POS_205,DKU_LIB_6_610,263.0,167.0,243.0,165.0,"263,167;506,167;506,332;263,332",,,
POS_206,DKU_LIB_6_611,263.0,445.0,122.0,197.0,"263,445;385,445;385,642;263,642",,,
POS_207,DKU_SCI1_3_301,401.0,561.0,57.0,52.0,"402,561;459,561;459,613;402,613",,,
POS_208,DKU_SCI1_3_302,,,,,,,,
POS_209,DKU_SCI1_3_303,463.0,560.0,26.0,54.0,"463,560;489,560;489,614;463,614",,,
POS_210,DKU_SCI1_3_304,493.0,559.0,27.0,55.0,"493,559;520,559;520,614;493,614",,,
POS_211,DKU_SCI1_3_305,524.0,565.0,55.0,48.0,"524,565;579,565;579,613;524,613",,,
POS_212,DKU_SCI1_3_306,585.0,561.0,58.0,53.0,"585,561;643,561;643,614;585,614",,,
POS_213,DKU_SCI1_3_307,646.0,564.0,55.0,50.0,"646,564;701,564;701,614;646,614",,,
POS_214,DKU_SCI1_3_308,814.0,557.0,26.0,58.0,"814,557;840,557;840,615;814,615",,,
POS_215,DKU_SCI1_3_309,845.0,557.0,25.0,57.0,"845,557;870,557;870,614;845,614",,,
POS_216,DKU_SCI1_3_310,876.0,558.0,28.0,54.0,"876,558;904,558;904,612;876,612",,,
POS_217,DKU_SCI1_3_311,907.0,556.0,25.0,58.0,"907,556;932,556;932,614;907,614",,,
POS_218,DKU_SCI1_3_312,905.0,471.0,25.0,57.0,"905,471;930,471;930,528;905,528",,,
POS_219,DKU_SCI1_3_313,875.0,471.0,24.0,57.0,"875,471;899,471;899,528;875,528",,,
POS_220,DKU_SCI1_3_314,845.0,473.0,23.0,53.0,"845,473;868,473;868,526;845,526",,,
POS_221,DKU_SCI1_3_315,813.0,473.0,25.0,54.0,"813,473;838,473;838,527;813,527",,,
POS_222,DKU_SCI1_3_316,786.0,473.0,20.0,54.0,"786,473;806,473;806,527;786,527",,,
POS_223,DKU_SCI1_3_317,646.0,474.0,52.0,49.0,"646,474;698,474;698,523;646,523",,,
POS_224,DKU_SCI1_3_318,615.0,473.0,24.0,49.0,"615,473;639,473;639,522;615,522",,,
POS_225,DKU_SCI1_3_319,582.0,472.0,24.0,51.0,"582,472;606,472;606,523;582,523",,,
POS_226,DKU_SCI1_3_320,522.0,473.0,56.0,49.0,"522,473;577,473;577,522;522,522",,,
POS_227,DKU_SCI1_3_321,462.0,475.0,52.0,49.0,"462,475;514,475;514,524;462,524",,,
POS_228,DKU_SCI1_3_322,428.0,471.0,26.0,54.0,"428,471;454,471;454,525;428,525",,,
POS_229,DKU_SCI1_3_323,340.0,473.0,86.0,50.0,"340,473;426,473;426,523;340,523",,,
POS_230,DKU_SCI1_3_324,345.0,363.0,53.0,58.0,"345,363;398,363;398,421;345,421",,,
POS_231,DKU_SCI1_3_325,345.0,271.0,49.0,85.0,"345,271;394,271;394,356;345,356",,,
POS_232,DKU_SCI1_3_326,344.0,174.0,52.0,92.0,"344,174;396,174;396,266;344,266",,,
POS_233,DKU_SCI1_3_327,251.0,176.0,55.0,90.0,"251,176;306,176;306,266;251,266",,,
POS_234,DKU_SCI1_3_328,252.0,302.0,54.0,55.0,"252,302;306,302;306,357;252,357",,,
POS_235,DKU_SCI1_3_329,252.0,361.0,50.0,59.0,"252,361;302,361;302,420;252,420",,,
POS_236,DKU_SCI2_2_201,315.0,567.0,19.0,58.0,"315,567;334,567;334,625;315,625",,,
POS_237,DKU_SCI2_2_202,335.0,567.0,90.0,57.0,"335,567;425,567;425,624;335,624",,,
POS_238,DKU_SCI2_2_203,431.0,568.0,84.0,56.0,"431,568;515,568;515,624;431,624",,,
POS_239,DKU_SCI2_2_204,521.0,572.0,88.0,54.0,"521,572;609,572;609,626;521,626",,,
POS_240,DKU_SCI2_2_205,614.0,571.0,86.0,56.0,"614,571;700,571;700,627;614,627",,,
POS_241,DKU_SCI2_2_206,820.0,569.0,18.0,55.0,"820,569;838,569;838,624;820,624",,,
POS_242,DKU_SCI2_2_207,842.0,568.0,26.0,58.0,"842,568;868,568;868,626;842,626",,,
POS_243,DKU_SCI2_2_208,873.0,568.0,27.0,55.0,"873,568;900,568;900,623;873,623",,,
POS_244,DKU_SCI2_2_209,905.0,568.0,24.0,57.0,"905,568;929,568;929,625;905,625",,,
POS_245,DKU_SCI2_2_210,905.0,484.0,24.0,54.0,"905,484;929,484;929,538;905,538",,,
POS_246,DKU_SCI2_2_211,873.0,482.0,26.0,57.0,"873,482;899,482;899,539;873,539",,,
POS_247,DKU_SCI2_2_212,844.0,485.0,22.0,53.0,"844,485;866,485;866,538;844,538",,,
POS_248,DKU_SCI2_2_213,812.0,483.0,26.0,56.0,"812,483;838,483;838,539;812,539",,,
POS_249,DKU_SCI2_2_214,786.0,484.0,20.0,59.0,"786,484;806,484;806,543;786,543",,,
POS_250,DKU_SCI2_2_215,645.0,482.0,53.0,57.0,"645,482;698,482;698,539;645,539",,,
POS_251,DKU_SCI2_2_216,521.0,484.0,117.0,50.0,"521,484;638,484;638,534;521,534",,,
POS_252,DKU_SCI2_2_217,398.0,484.0,119.0,47.0,"398,484;517,484;517,531;398,531",,,
POS_253,DKU_SCI2_2_218,344.0,375.0,49.0,59.0,"344,375;393,375;393,434;344,434",,,
POS_254,DKU_SCI2_2_219,342.0,313.0,52.0,56.0,"342,313;394,313;394,369;342,369",,,
POS_255,DKU_SCI2_2_220,343.0,186.0,53.0,59.0,"343,186;396,186;396,245;343,245",,,
POS_256,DKU_SCI2_2_221,250.0,188.0,52.0,59.0,"250,188;302,188;302,247;250,247",,,
POS_257,DKU_SCI2_2_222,248.0,315.0,55.0,120.0,"248,315;303,315;303,435;248,435",,,
POS_258,DKU_SCI2_4_401,335.0,554.0,118.0,52.0,"335,554;453,554;453,606;335,606",,,
POS_259,DKU_SCI2_4_402,459.0,556.0,115.0,50.0,"459,556;574,556;574,606;459,606",,,
POS_260,DKU_SCI2_4_403,580.0,555.0,55.0,53.0,"580,555;635,555;635,608;580,608",,,
POS_261,DKU_SCI2_4_404,643.0,552.0,50.0,55.0,"643,552;693,552;693,607;643,607",,,
POS_262,DKU_SCI2_4_405,812.0,551.0,24.0,59.0,"812,551;836,551;836,610;812,610",,,
POS_263,DKU_SCI2_4_406,843.0,552.0,24.0,56.0,"843,552;867,552;867,608;843,608",,,
POS_264,DKU_SCI2_4_407,872.0,551.0,24.0,57.0,"872,551;896,551;896,608;872,608",,,
POS_265,DKU_SCI2_4_408,902.0,553.0,25.0,53.0,"902,553;927,553;927,606;902,606",,,
POS_266,DKU_SCI2_4_409,904.0,464.0,21.0,56.0,"904,464;925,464;925,520;904,520",,,
POS_267,DKU_SCI2_4_410,872.0,465.0,25.0,57.0,"872,465;897,465;897,522;872,522",,,
POS_268,DKU_SCI2_4_411,841.0,466.0,24.0,54.0,"841,466;865,466;865,520;841,520",,,
POS_269,DKU_SCI2_4_412,812.0,465.0,22.0,58.0,"812,465;834,465;834,523;812,523",,,
POS_270,DKU_SCI2_4_413,783.0,467.0,23.0,53.0,"783,467;806,467;806,520;783,520",,,
POS_271,DKU_SCI2_4_414,580.0,467.0,114.0,49.0,"580,467;694,467;694,516;580,516",,,
POS_272,DKU_SCI2_4_415,520.0,464.0,57.0,52.0,"520,464;577,464;577,516;520,516",,,
POS_273,DKU_SCI2_4_416,336.0,468.0,115.0,48.0,"336,468;451,468;451,516;336,516",,,
POS_274,DKU_SCI2_4_417,343.0,330.0,52.0,89.0,"343,330;395,330;395,419;343,419",,,
POS_275,DKU_SCI2_4_418,344.0,299.0,45.0,25.0,"344,299;389,299;389,324;344,324",,,
POS_276,DKU_SCI2_4_419,343.0,264.0,51.0,29.0,"343,264;394,264;394,293;343,293",,,
POS_277,DKU_SCI2_4_420,340.0,174.0,54.0,84.0,"340,174;394,174;394,258;340,258",,,
POS_278,DKU_SCI2_4_421,247.0,176.0,55.0,115.0,"247,176;302,176;302,291;247,291",,,
POS_279,DKU_SCI2_4_422,246.0,297.0,51.0,117.0,"246,297;297,297;297,414;246,414",,,
POS_280,DKU_SCI3_3_301,334.0,590.0,16.0,40.0,"334,590;350,590;350,630;334,630",,,
POS_281,DKU_SCI3_3_302,352.0,576.0,119.0,54.0,"352,576;471,576;471,630;352,630",,,
POS_282,DKU_SCI3_3_303,477.0,575.0,57.0,60.0,"477,575;534,575;534,635;477,635",,,
POS_283,DKU_SCI3_3_304,537.0,579.0,61.0,52.0,"537,579;598,579;598,631;537,631",,,
POS_284,DKU_SCI3_3_305,600.0,580.0,58.0,49.0,"600,580;658,580;658,629;600,629",,,
POS_285,DKU_SCI3_3_306,828.0,570.0,27.0,61.0,"828,570;855,570;855,631;828,631",,,
POS_286,DKU_SCI3_3_307,858.0,570.0,28.0,59.0,"858,570;886,570;886,629;858,629",,,
POS_287,DKU_SCI3_3_308,891.0,570.0,26.0,58.0,"891,570;917,570;917,628;891,628",,,
POS_288,DKU_SCI3_3_309,922.0,572.0,24.0,57.0,"922,572;946,572;946,629;922,629",,,
POS_289,DKU_SCI3_3_310,921.0,488.0,25.0,57.0,"921,488;946,488;946,545;921,545",,,
POS_290,DKU_SCI3_3_311,890.0,488.0,30.0,57.0,"890,488;920,488;920,545;890,545",,,
POS_291,DKU_SCI3_3_312,858.0,487.0,27.0,60.0,"858,487;885,487;885,547;858,547",,,
POS_292,DKU_SCI3_3_313,831.0,484.0,23.0,64.0,"831,484;854,484;854,548;831,548",,,
POS_293,DKU_SCI3_3_314,798.0,485.0,24.0,58.0,"798,485;822,485;822,543;798,543",,,
POS_294,DKU_SCI3_3_315,601.0,486.0,53.0,54.0,"601,486;654,486;654,540;601,540",,,
POS_295,DKU_SCI3_3_316,475.0,488.0,122.0,51.0,"475,488;597,488;597,539;475,539",,,
POS_296,DKU_SCI3_3_317,353.0,486.0,119.0,53.0,"353,486;472,486;472,539;353,539",,,
POS_297,DKU_SCI3_3_318,362.0,320.0,46.0,117.0,"362,320;408,320;408,437;362,437",,,
POS_298,DKU_SCI3_3_319,358.0,194.0,52.0,118.0,"358,194;410,194;410,312;358,312",,,
POS_299,DKU_SCI3_3_320,266.0,194.0,52.0,119.0,"266,194;318,194;318,313;266,313",,,
POS_300,DKU_SCI3_3_321,268.0,366.0,46.0,72.0,"268,366;314,366;314,438;268,438",,,
POS_SCI_AUTO_001,DKU_SCI1_1_101,795.4,396.2,31.7,22.0,"795.4,396.2;827.1,396.2;827.1,418.2;795.4,418.2",,811.2,407.2
POS_SCI_AUTO_002,DKU_SCI1_1_102,858.8,396.2,31.7,22.0,"858.8,396.2;890.5,396.2;890.5,418.2;858.8,418.2",,874.7,407.2
POS_SCI_AUTO_003,DKU_SCI1_1_103,858.2,309.1,31.7,22.0,"858.2,309.1;889.9000000000001,309.1;889.9000000000001,331.1;858.2,331.1",,874.1,320.1
POS_SCI_AUTO_004,DKU_SCI1_1_104,780.6,309.1,31.7,22.0,"780.6,309.1;812.3000000000001,309.1;812.3000000000001,331.1;780.6,331.1",,796.4,320.1
POS_SCI_AUTO_005,DKU_SCI1_1_105,611.0,309.1,31.7,22.0,"611.0,309.1;642.7,309.1;642.7,331.1;611.0,331.1",,626.9,320.1
POS_SCI_AUTO_006,DKU_SCI1_1_106,538.8,309.1,31.7,22.0,"538.8,309.1;570.5,309.1;570.5,331.1;538.8,331.1",,554.7,320.1
POS_SCI_AUTO_007,DKU_SCI1_1_107,494.4,309.1,31.7,22.0,"494.4,309.1;526.1,309.1;526.1,331.1;494.4,331.1",,510.3,320.1
POS_SCI_AUTO_008,DKU_SCI1_1_108,432.2,309.1,31.7,22.0,"432.2,309.1;463.9,309.1;463.9,331.1;432.2,331.1",,448.1,320.1
POS_SCI_AUTO_009,DKU_SCI1_1_110,343.7,396.2,31.7,22.0,"343.7,396.2;375.4,396.2;375.4,418.2;343.7,418.2",,359.6,407.2
POS_SCI_AUTO_010,DKU_SCI1_1_111,448.8,396.2,31.7,22.0,"448.8,396.2;480.5,396.2;480.5,418.2;448.8,418.2",,464.6,407.2
POS_SCI_AUTO_011,DKU_SCI1_1_112,552.2,396.2,31.7,22.0,"552.2,396.2;583.9000000000001,396.2;583.9000000000001,418.2;552.2,418.2",,568.1,407.2
POS_SCI_AUTO_012,DKU_SCI1_1_113,692.9,396.2,31.7,22.0,"692.9,396.2;724.6,396.2;724.6,418.2;692.9,418.2",,708.8,407.2
POS_SCI_AUTO_013,DKU_SCI1_1_113_1,642.5,396.2,40.9,22.0,"642.5,396.2;683.4,396.2;683.4,418.2;642.5,418.2",,663.0,407.2
POS_SCI_AUTO_014,DKU_SCI1_2_201,312.3,591.9,32.0,22.0,"312.3,591.9;344.3,591.9;344.3,613.9;312.3,613.9",,328.3,602.9
POS_SCI_AUTO_015,DKU_SCI1_2_202,352.8,591.9,32.0,22.0,"352.8,591.9;384.8,591.9;384.8,613.9;352.8,613.9",,368.7,602.9
POS_SCI_AUTO_016,DKU_SCI1_2_203,414.3,591.9,32.0,22.0,"414.3,591.9;446.3,591.9;446.3,613.9;414.3,613.9",,430.3,602.9
POS_SCI_AUTO_017,DKU_SCI1_2_204,461.4,591.9,32.0,22.0,"461.4,591.9;493.4,591.9;493.4,613.9;461.4,613.9",,477.3,602.9
POS_SCI_AUTO_018,DKU_SCI1_2_205,581.5,591.9,32.0,22.0,"581.5,591.9;613.5,591.9;613.5,613.9;581.5,613.9",,597.5,602.9
POS_SCI_AUTO_019,DKU_SCI1_2_206,813.8,591.9,32.0,22.0,"813.8,591.9;845.8,591.9;845.8,613.9;813.8,613.9",,829.8,602.9
POS_SCI_AUTO_020,DKU_SCI1_2_207,844.0,591.9,32.0,22.0,"844.0,591.9;876.0,591.9;876.0,613.9;844.0,613.9",,860.0,602.9
POS_SCI_AUTO_021,DKU_SCI1_2_208,874.7,591.9,32.0,22.0,"874.7,591.9;906.7,591.9;906.7,613.9;874.7,613.9",,890.6,602.9
POS_SCI_AUTO_022,DKU_SCI1_2_209,905.3,591.9,32.0,22.0,"905.3,591.9;937.3,591.9;937.3,613.9;905.3,613.9",,921.3,602.9
POS_SCI_AUTO_023,DKU_SCI1_2_210,905.0,502.0,32.0,22.0,"905.0,502.0;937.0,502.0;937.0,524.0;905.0,524.0",,921.0,513.0
POS_SCI_AUTO_024,DKU_SCI1_2_211,875.8,502.0,32.0,22.0,"875.8,502.0;907.8,502.0;907.8,524.0;875.8,524.0",,891.8,513.0
POS_SCI_AUTO_025,DKU_SCI1_2_212,843.9,502.0,32.0,22.0,"843.9,502.0;875.9,502.0;875.9,524.0;843.9,524.0",,859.9,513.0
POS_SCI_AUTO_026,DKU_SCI1_2_213,812.8,502.0,32.0,22.0,"812.8,502.0;844.8,502.0;844.8,524.0;812.8,524.0",,828.8,513.0
POS_SCI_AUTO_027,DKU_SCI1_2_214,783.3,502.0,32.0,22.0,"783.3,502.0;815.3,502.0;815.3,524.0;783.3,524.0",,799.3,513.0
POS_SCI_AUTO_028,DKU_SCI1_2_215,659.2,502.0,32.0,22.0,"659.2,502.0;691.2,502.0;691.2,524.0;659.2,524.0",,675.2,513.0
POS_SCI_AUTO_029,DKU_SCI1_2_216,614.3,502.0,32.0,22.0,"614.3,502.0;646.3,502.0;646.3,524.0;614.3,524.0",,630.3,513.0
POS_SCI_AUTO_030,DKU_SCI1_2_217,583.1,502.0,32.0,22.0,"583.1,502.0;615.1,502.0;615.1,524.0;583.1,524.0",,599.0,513.0
POS_SCI_AUTO_031,DKU_SCI1_2_218,553.3,502.0,32.0,22.0,"553.3,502.0;585.3,502.0;585.3,524.0;553.3,524.0",,569.3,513.0
POS_SCI_AUTO_032,DKU_SCI1_2_219,521.6,502.0,32.0,22.0,"521.6,502.0;553.6,502.0;553.6,524.0;521.6,524.0",,537.6,513.0
POS_SCI_AUTO_033,DKU_SCI1_2_220,491.1,502.0,32.0,22.0,"491.1,502.0;523.1,502.0;523.1,524.0;491.1,524.0",,507.1,513.0
POS_SCI_AUTO_034,DKU_SCI1_2_221,432.4,502.0,32.0,22.0,"432.4,502.0;464.4,502.0;464.4,524.0;432.4,524.0",,448.4,513.0
POS_SCI_AUTO_035,DKU_SCI1_2_222,359.7,399.2,32.0,22.0,"359.7,399.2;391.7,399.2;391.7,421.2;359.7,421.2",,375.7,410.2
POS_SCI_AUTO_036,DKU_SCI1_2_223,359.7,349.2,32.0,22.0,"359.7,349.2;391.7,349.2;391.7,371.2;359.7,371.2",,375.7,360.2
POS_SCI_AUTO_037,DKU_SCI1_2_224,359.6,274.5,32.0,22.0,"359.6,274.5;391.6,274.5;391.6,296.5;359.6,296.5",,375.6,285.5
POS_SCI_AUTO_038,DKU_SCI1_2_225,359.7,194.0,32.0,22.0,"359.7,194.0;391.7,194.0;391.7,216.0;359.7,216.0",,375.7,205.0
POS_SCI_AUTO_039,DKU_SCI1_2_226,266.8,208.0,32.0,22.0,"266.8,208.0;298.8,208.0;298.8,230.0;266.8,230.0",,282.8,219.0
POS_SCI_AUTO_040,DKU_SCI1_2_227,267.0,307.8,32.0,22.0,"267.0,307.8;299.0,307.8;299.0,329.8;267.0,329.8",,282.9,318.8
POS_SCI_AUTO_041,DKU_SCI1_2_228,266.8,379.8,32.0,22.0,"266.8,379.8;298.8,379.8;298.8,401.8;266.8,401.8",,282.8,390.8
POS_SCI_AUTO_042,DKU_SCI1_2_229,267.0,411.1,32.0,22.0,"267.0,411.1;299.0,411.1;299.0,433.1;267.0,433.1",,282.9,422.1
POS_SCI_AUTO_043,DKU_SCI1_3_327_1,257.0,272.9,41.3,22.0,"257.0,272.9;298.3,272.9;298.3,294.9;257.0,294.9",,277.6,283.9
POS_SCI_AUTO_044,DKU_SCI1_4_401,349.2,577.0,32.0,22.0,"349.2,577.0;381.2,577.0;381.2,599.0;349.2,599.0",,365.2,588.0
POS_SCI_AUTO_045,DKU_SCI1_4_401_1,403.4,576.9,41.3,22.0,"403.4,576.9;444.7,576.9;444.7,598.9;403.4,598.9",,424.0,587.9
POS_SCI_AUTO_046,DKU_SCI1_4_401_2,464.5,577.0,41.3,22.0,"464.5,577.0;505.8,577.0;505.8,599.0;464.5,599.0",,485.1,588.0
POS_SCI_AUTO_047,DKU_SCI1_4_402,657.5,577.0,32.0,22.0,"657.5,577.0;689.5,577.0;689.5,599.0;657.5,599.0",,673.4,588.0
POS_SCI_AUTO_048,DKU_SCI1_4_402_1,593.9,577.0,41.3,22.0,"593.9,577.0;635.1999999999999,577.0;635.1999999999999,599.0;593.9,599.0",,614.5,588.0
POS_SCI_AUTO_049,DKU_SCI1_4_402_2,530.3,576.9,41.3,22.0,"530.3,576.9;571.5999999999999,576.9;571.5999999999999,598.9;530.3,598.9",,551.0,587.9
POS_SCI_AUTO_050,DKU_SCI1_4_403,811.4,577.0,32.0,22.0,"811.4,577.0;843.4,577.0;843.4,599.0;811.4,599.0",,827.4,588.0
POS_SCI_AUTO_051,DKU_SCI1_4_404,841.5,577.0,32.0,22.0,"841.5,577.0;873.5,577.0;873.5,599.0;841.5,599.0",,857.4,588.0
POS_SCI_AUTO_052,DKU_SCI1_4_405,872.4,577.0,32.0,22.0,"872.4,577.0;904.4,577.0;904.4,599.0;872.4,599.0",,888.4,588.0
POS_SCI_AUTO_053,DKU_SCI1_4_406,902.9,577.0,32.0,22.0,"902.9,577.0;934.9,577.0;934.9,599.0;902.9,599.0",,918.9,588.0
POS_SCI_AUTO_054,DKU_SCI1_4_407,902.2,484.2,32.0,22.0,"902.2,484.2;934.2,484.2;934.2,506.2;902.2,506.2",,918.1,495.2
POS_SCI_AUTO_055,DKU_SCI1_4_408,872.0,484.2,32.0,22.0,"872.0,484.2;904.0,484.2;904.0,506.2;872.0,506.2",,887.9,495.2
POS_SCI_AUTO_056,DKU_SCI1_4_409,841.2,484.2,32.0,22.0,"841.2,484.2;873.2,484.2;873.2,506.2;841.2,506.2",,857.1,495.2
POS_SCI_AUTO_057,DKU_SCI1_4_410,810.1,484.2,32.0,22.0,"810.1,484.2;842.1,484.2;842.1,506.2;810.1,506.2",,826.1,495.2
POS_SCI_AUTO_058,DKU_SCI1_4_411,781.9,484.2,32.0,22.0,"781.9,484.2;813.9,484.2;813.9,506.2;781.9,506.2",,797.9,495.2
POS_SCI_AUTO_059,DKU_SCI1_4_412,673.0,484.2,32.0,22.0,"673.0,484.2;705.0,484.2;705.0,506.2;673.0,506.2",,689.0,495.2
POS_SCI_AUTO_060,DKU_SCI1_4_413,642.4,484.2,32.0,22.0,"642.4,484.2;674.4,484.2;674.4,506.2;642.4,506.2",,658.3,495.2
POS_SCI_AUTO_061,DKU_SCI1_4_414,411.0,484.2,32.0,22.0,"411.0,484.2;443.0,484.2;443.0,506.2;411.0,506.2",,427.0,495.2
POS_SCI_AUTO_062,DKU_SCI1_4_414_1,467.5,484.3,41.3,22.0,"467.5,484.3;508.8,484.3;508.8,506.3;467.5,506.3",,488.1,495.3
POS_SCI_AUTO_063,DKU_SCI1_4_414_2,529.6,484.3,41.3,22.0,"529.6,484.3;570.9,484.3;570.9,506.3;529.6,506.3",,550.3,495.3
POS_SCI_AUTO_064,DKU_SCI1_4_414_3,591.9,484.3,41.3,22.0,"591.9,484.3;633.1999999999999,484.3;633.1999999999999,506.3;591.9,506.3",,612.5,495.3
POS_SCI_AUTO_065,DKU_SCI1_4_415,349.9,484.2,32.0,22.0,"349.9,484.2;381.9,484.2;381.9,506.2;349.9,506.2",,365.9,495.2
POS_SCI_AUTO_066,DKU_SCI1_4_416,351.6,377.5,32.0,22.0,"351.6,377.5;383.6,377.5;383.6,399.5;351.6,399.5",,367.6,388.5
POS_SCI_AUTO_067,DKU_SCI1_4_417,351.8,331.2,32.0,22.0,"351.8,331.2;383.8,331.2;383.8,353.2;351.8,353.2",,367.7,342.2
POS_SCI_AUTO_068,DKU_SCI1_4_417_1,352.8,285.4,41.3,22.0,"352.8,285.4;394.1,285.4;394.1,307.4;352.8,307.4",,373.4,296.4
POS_SCI_AUTO_069,DKU_SCI1_4_418,351.6,207.0,32.0,22.0,"351.6,207.0;383.6,207.0;383.6,229.0;351.6,229.0",,367.6,218.0
POS_SCI_AUTO_070,DKU_SCI1_4_419,266.0,207.0,32.0,22.0,"266.0,207.0;298.0,207.0;298.0,229.0;266.0,229.0",,281.9,218.0
POS_SCI_AUTO_071,DKU_SCI1_4_419_1,260.5,271.0,41.3,22.0,"260.5,271.0;301.8,271.0;301.8,293.0;260.5,293.0",,281.2,282.0
POS_SCI_AUTO_072,DKU_SCI1_4_420,266.0,316.9,32.0,22.0,"266.0,316.9;298.0,316.9;298.0,338.9;266.0,338.9",,281.9,327.9
POS_SCI_AUTO_073,DKU_SCI1_4_421,267.1,377.7,32.0,22.0,"267.1,377.7;299.1,377.7;299.1,399.7;267.1,399.7",,283.1,388.7
POS_SCI_AUTO_074,DKU_SCI1_5_501,306.0,581.9,32.0,22.0,"306.0,581.9;338.0,581.9;338.0,603.9;306.0,603.9",,322.0,592.9
POS_SCI_AUTO_075,DKU_SCI1_5_502,363.9,581.9,32.0,22.0,"363.9,581.9;395.9,581.9;395.9,603.9;363.9,603.9",,379.9,592.9
POS_SCI_AUTO_076,DKU_SCI1_5_503,452.4,581.9,32.0,22.0,"452.4,581.9;484.4,581.9;484.4,603.9;452.4,603.9",,468.4,592.9
POS_SCI_AUTO_077,DKU_SCI1_5_504,578.9,581.9,32.0,22.0,"578.9,581.9;610.9,581.9;610.9,603.9;578.9,603.9",,594.9,592.9
POS_SCI_AUTO_078,DKU_SCI1_5_505,669.4,581.9,32.0,22.0,"669.4,581.9;701.4,581.9;701.4,603.9;669.4,603.9",,685.4,592.9
POS_SCI_AUTO_079,DKU_SCI1_5_506,807.5,581.9,32.0,22.0,"807.5,581.9;839.5,581.9;839.5,603.9;807.5,603.9",,823.5,592.9
POS_SCI_AUTO_080,DKU_SCI1_5_507,837.7,581.9,32.0,22.0,"837.7,581.9;869.7,581.9;869.7,603.9;837.7,603.9",,853.7,592.9
POS_SCI_AUTO_081,DKU_SCI1_5_508,868.5,581.9,32.0,22.0,"868.5,581.9;900.5,581.9;900.5,603.9;868.5,603.9",,884.5,592.9
POS_SCI_AUTO_082,DKU_SCI1_5_509,899.0,581.9,32.0,22.0,"899.0,581.9;931.0,581.9;931.0,603.9;899.0,603.9",,915.0,592.9
POS_SCI_AUTO_083,DKU_SCI1_5_510,898.6,484.5,32.0,22.0,"898.6,484.5;930.6,484.5;930.6,506.5;898.6,506.5",,914.6,495.5
POS_SCI_AUTO_084,DKU_SCI1_5_511,869.5,484.5,32.0,22.0,"869.5,484.5;901.5,484.5;901.5,506.5;869.5,506.5",,885.5,495.5
POS_SCI_AUTO_085,DKU_SCI1_5_512,837.5,484.5,32.0,22.0,"837.5,484.5;869.5,484.5;869.5,506.5;837.5,506.5",,853.4,495.5
POS_SCI_AUTO_086,DKU_SCI1_5_513,806.4,484.5,32.0,22.0,"806.4,484.5;838.4,484.5;838.4,506.5;806.4,506.5",,822.4,495.5
POS_SCI_AUTO_087,DKU_SCI1_5_514,777.0,484.5,32.0,22.0,"777.0,484.5;809.0,484.5;809.0,506.5;777.0,506.5",,793.0,495.5
POS_SCI_AUTO_088,DKU_SCI1_5_515,651.5,484.5,32.0,22.0,"651.5,484.5;683.5,484.5;683.5,506.5;651.5,506.5",,667.5,495.5
POS_SCI_AUTO_089,DKU_SCI1_5_516,589.1,484.5,32.0,22.0,"589.1,484.5;621.1,484.5;621.1,506.5;589.1,506.5",,605.0,495.5
POS_SCI_AUTO_090,DKU_SCI1_5_517,530.3,484.5,32.0,22.0,"530.3,484.5;562.3,484.5;562.3,506.5;530.3,506.5",,546.3,495.5
POS_SCI_AUTO_091,DKU_SCI1_5_518,450.0,484.5,32.0,22.0,"450.0,484.5;482.0,484.5;482.0,506.5;450.0,506.5",,465.9,495.5
POS_SCI_AUTO_092,DKU_SCI1_5_519,360.0,484.5,32.0,22.0,"360.0,484.5;392.0,484.5;392.0,506.5;360.0,506.5",,376.0,495.5
POS_SCI_AUTO_093,DKU_SCI1_5_520,351.3,369.3,32.0,22.0,"351.3,369.3;383.3,369.3;383.3,391.3;351.3,391.3",,367.3,380.3
POS_SCI_AUTO_094,DKU_SCI1_5_521,352.5,276.7,32.0,22.0,"352.5,276.7;384.5,276.7;384.5,298.7;352.5,298.7",,368.5,287.7
POS_SCI_AUTO_095,DKU_SCI1_5_522,351.3,197.5,32.0,22.0,"351.3,197.5;383.3,197.5;383.3,219.5;351.3,219.5",,367.3,208.5
POS_SCI_AUTO_096,DKU_SCI1_5_523,258.7,197.5,32.0,22.0,"258.7,197.5;290.7,197.5;290.7,219.5;258.7,219.5",,274.7,208.5
POS_SCI_AUTO_097,DKU_SCI1_5_524,258.6,276.7,32.0,22.0,"258.6,276.7;290.6,276.7;290.6,298.7;258.6,298.7",,274.5,287.7
POS_SCI_AUTO_098,DKU_SCI1_5_525,258.7,369.3,32.0,22.0,"258.7,369.3;290.7,369.3;290.7,391.3;258.7,391.3",,274.7,380.3
POS_SCI_AUTO_099,DKU_SCI2_1_101,834.3,403.5,31.6,22.0,"834.3,403.5;865.9,403.5;865.9,425.5;834.3,425.5",,850.1,414.5
POS_SCI_AUTO_100,DKU_SCI2_1_102,846.1,320.2,31.6,22.0,"846.1,320.2;877.7,320.2;877.7,342.2;846.1,342.2",,861.9,331.2
POS_SCI_AUTO_101,DKU_SCI2_1_103,772.3,320.2,31.6,22.0,"772.3,320.2;803.9,320.2;803.9,342.2;772.3,342.2",,788.1,331.2
POS_SCI_AUTO_102,DKU_SCI2_1_104,637.6,320.1,31.6,22.0,"637.6,320.1;669.2,320.1;669.2,342.1;637.6,342.1",,653.4,331.1
POS_SCI_AUTO_103,DKU_SCI2_1_104_1,591.0,320.1,40.6,22.0,"591.0,320.1;631.6,320.1;631.6,342.1;591.0,342.1",,611.3,331.1
POS_SCI_AUTO_104,DKU_SCI2_1_105,534.7,320.1,31.6,22.0,"534.7,320.1;566.3000000000001,320.1;566.3000000000001,342.1;534.7,342.1",,550.5,331.1
POS_SCI_AUTO_105,DKU_SCI2_1_106,442.9,320.2,31.6,22.0,"442.9,320.2;474.5,320.2;474.5,342.2;442.9,342.2",,458.6,331.2
POS_SCI_AUTO_106,DKU_SCI2_1_107,366.1,320.1,31.6,22.0,"366.1,320.1;397.70000000000005,320.1;397.70000000000005,342.1;366.1,342.1",,381.9,331.1
POS_SCI_AUTO_107,DKU_SCI2_1_107_1,301.2,320.1,40.6,22.0,"301.2,320.1;341.8,320.1;341.8,342.1;301.2,342.1",,321.5,331.1
POS_SCI_AUTO_108,DKU_SCI2_1_108,313.2,403.5,31.6,22.0,"313.2,403.5;344.8,403.5;344.8,425.5;313.2,425.5",,329.0,414.5
POS_SCI_AUTO_109,DKU_SCI2_1_109,395.3,403.5,31.6,22.0,"395.3,403.5;426.90000000000003,403.5;426.90000000000003,425.5;395.3,425.5",,411.1,414.5
POS_SCI_AUTO_110,DKU_SCI2_1_110,578.8,403.5,31.6,22.0,"578.8,403.5;610.4,403.5;610.4,425.5;578.8,425.5",,594.6,414.5
POS_SCI_AUTO_111,DKU_SCI2_1_110_1,514.5,403.5,40.6,22.0,"514.5,403.5;555.1,403.5;555.1,425.5;514.5,425.5",,534.8,414.5
POS_SCI_AUTO_112,DKU_SCI2_1_110_2,470.6,403.5,40.6,22.0,"470.6,403.5;511.20000000000005,403.5;511.20000000000005,425.5;470.6,425.5",,490.9,414.5
POS_SCI_AUTO_113,DKU_SCI2_1_111,660.6,403.5,31.6,22.0,"660.6,403.5;692.2,403.5;692.2,425.5;660.6,425.5",,676.4,414.5
POS_SCI_AUTO_114,DKU_SCI2_2_220_1,350.2,269.2,41.3,22.0,"350.2,269.2;391.5,269.2;391.5,291.2;350.2,291.2",,370.8,280.2
POS_SCI_AUTO_115,DKU_SCI2_2_221_1,259.3,269.3,41.3,22.0,"259.3,269.3;300.6,269.3;300.6,291.3;259.3,291.3",,279.9,280.3
POS_SCI_AUTO_116,DKU_SCI2_3_301,352.6,570.2,32.0,22.0,"352.6,570.2;384.6,570.2;384.6,592.2;352.6,592.2",,368.6,581.2
POS_SCI_AUTO_117,DKU_SCI2_3_302,412.3,570.2,32.0,22.0,"412.3,570.2;444.3,570.2;444.3,592.2;412.3,592.2",,428.3,581.2
POS_SCI_AUTO_118,DKU_SCI2_3_303,472.9,570.2,32.0,22.0,"472.9,570.2;504.9,570.2;504.9,592.2;472.9,592.2",,488.9,581.2
POS_SCI_AUTO_119,DKU_SCI2_3_304,535.6,570.2,32.0,22.0,"535.6,570.2;567.6,570.2;567.6,592.2;535.6,592.2",,551.6,581.2
POS_SCI_AUTO_120,DKU_SCI2_3_305,588.2,582.6,32.0,22.0,"588.2,582.6;620.2,582.6;620.2,604.6;588.2,604.6",,604.2,593.6
POS_SCI_AUTO_121,DKU_SCI2_3_305_1,608.3,564.8,41.3,22.0,"608.3,564.8;649.5999999999999,564.8;649.5999999999999,586.8;608.3,586.8",,628.9,575.8
POS_SCI_AUTO_122,DKU_SCI2_3_306,661.5,570.2,32.0,22.0,"661.5,570.2;693.5,570.2;693.5,592.2;661.5,592.2",,677.4,581.2
POS_SCI_AUTO_123,DKU_SCI2_3_307,813.1,570.2,32.0,22.0,"813.1,570.2;845.1,570.2;845.1,592.2;813.1,592.2",,829.1,581.2
POS_SCI_AUTO_124,DKU_SCI2_3_308,843.3,570.2,32.0,22.0,"843.3,570.2;875.3,570.2;875.3,592.2;843.3,592.2",,859.3,581.2
POS_SCI_AUTO_125,DKU_SCI2_3_309,873.7,570.2,32.0,22.0,"873.7,570.2;905.7,570.2;905.7,592.2;873.7,592.2",,889.6,581.2
POS_SCI_AUTO_126,DKU_SCI2_3_310,904.9,570.2,32.0,22.0,"904.9,570.2;936.9,570.2;936.9,592.2;904.9,592.2",,920.9,581.2
POS_SCI_AUTO_127,DKU_SCI2_3_311,906.0,485.5,32.0,22.0,"906.0,485.5;938.0,485.5;938.0,507.5;906.0,507.5",,922.0,496.5
POS_SCI_AUTO_128,DKU_SCI2_3_312,873.7,485.5,32.0,22.0,"873.7,485.5;905.7,485.5;905.7,507.5;873.7,507.5",,889.6,496.5
POS_SCI_AUTO_129,DKU_SCI2_3_313,843.3,485.5,32.0,22.0,"843.3,485.5;875.3,485.5;875.3,507.5;843.3,507.5",,859.3,496.5
POS_SCI_AUTO_130,DKU_SCI2_3_314,812.9,485.5,32.0,22.0,"812.9,485.5;844.9,485.5;844.9,507.5;812.9,507.5",,828.9,496.5
POS_SCI_AUTO_131,DKU_SCI2_3_315,783.0,485.5,32.0,22.0,"783.0,485.5;815.0,485.5;815.0,507.5;783.0,507.5",,799.0,496.5
POS_SCI_AUTO_132,DKU_SCI2_3_316,641.1,485.5,32.0,22.0,"641.1,485.5;673.1,485.5;673.1,507.5;641.1,507.5",,657.1,496.5
POS_SCI_AUTO_133,DKU_SCI2_3_316_1,577.4,485.1,41.3,22.0,"577.4,485.1;618.6999999999999,485.1;618.6999999999999,507.1;577.4,507.1",,598.0,496.1
POS_SCI_AUTO_134,DKU_SCI2_3_317,536.3,485.5,32.0,22.0,"536.3,485.5;568.3,485.5;568.3,507.5;536.3,507.5",,552.3,496.5
POS_SCI_AUTO_135,DKU_SCI2_3_318,472.8,485.5,32.0,22.0,"472.8,485.5;504.8,485.5;504.8,507.5;472.8,507.5",,488.7,496.5
POS_SCI_AUTO_136,DKU_SCI2_3_319,383.5,485.5,32.0,22.0,"383.5,485.5;415.5,485.5;415.5,507.5;383.5,507.5",,399.5,496.5
POS_SCI_AUTO_137,DKU_SCI2_3_320,357.3,377.1,32.0,22.0,"357.3,377.1;389.3,377.1;389.3,399.1;357.3,399.1",,373.3,388.1
POS_SCI_AUTO_138,DKU_SCI2_3_321,358.5,314.9,32.0,22.0,"358.5,314.9;390.5,314.9;390.5,336.9;358.5,336.9",,374.4,325.9
POS_SCI_AUTO_139,DKU_SCI2_3_322,357.3,221.7,32.0,22.0,"357.3,221.7;389.3,221.7;389.3,243.7;357.3,243.7",,373.3,232.7
POS_SCI_AUTO_140,DKU_SCI2_3_323,261.3,221.7,32.0,22.0,"261.3,221.7;293.3,221.7;293.3,243.7;261.3,243.7",,277.2,232.7
POS_SCI_AUTO_141,DKU_SCI2_3_324,261.1,272.2,32.0,22.0,"261.1,272.2;293.1,272.2;293.1,294.2;261.1,294.2",,277.1,283.2
POS_SCI_AUTO_142,DKU_SCI2_3_325,261.3,301.7,32.0,22.0,"261.3,301.7;293.3,301.7;293.3,323.7;261.3,323.7",,277.2,312.7
POS_SCI_AUTO_143,DKU_SCI2_3_326,261.3,361.0,32.0,22.0,"261.3,361.0;293.3,361.0;293.3,383.0;261.3,383.0",,277.2,372.0
POS_SCI_AUTO_144,DKU_SCI2_4_401_1,407.8,567.9,41.3,22.0,"407.8,567.9;449.1,567.9;449.1,589.9;407.8,589.9",,428.4,578.9
POS_SCI_AUTO_145,DKU_SCI2_4_402_1,529.9,567.9,41.3,22.0,"529.9,567.9;571.1999999999999,567.9;571.1999999999999,589.9;529.9,589.9",,550.5,578.9
POS_SCI_AUTO_146,DKU_SCI2_4_415_1,464.8,482.8,41.3,22.0,"464.8,482.8;506.1,482.8;506.1,504.8;464.8,504.8",,485.4,493.8
POS_SCI_AUTO_147,DKU_SCI2_4_416_1,338.1,482.9,41.3,22.0,"338.1,482.9;379.40000000000003,482.9;379.40000000000003,504.9;338.1,504.9",,358.7,493.9
POS_SCI_AUTO_148,DKU_SCI2_5_501,307.0,581.0,32.0,22.0,"307.0,581.0;339.0,581.0;339.0,603.0;307.0,603.0",,323.0,592.0
POS_SCI_AUTO_149,DKU_SCI2_5_502,374.1,581.0,32.0,22.0,"374.1,581.0;406.1,581.0;406.1,603.0;374.1,603.0",,390.1,592.0
POS_SCI_AUTO_150,DKU_SCI2_5_503,470.2,581.0,32.0,22.0,"470.2,581.0;502.2,581.0;502.2,603.0;470.2,603.0",,486.2,592.0
POS_SCI_AUTO_151,DKU_SCI2_5_504,529.3,581.0,32.0,22.0,"529.3,581.0;561.3,581.0;561.3,603.0;529.3,603.0",,545.3,592.0
POS_SCI_AUTO_152,DKU_SCI2_5_505,575.8,581.0,32.0,22.0,"575.8,581.0;607.8,581.0;607.8,603.0;575.8,603.0",,591.8,592.0
POS_SCI_AUTO_153,DKU_SCI2_5_506,605.9,581.0,32.0,22.0,"605.9,581.0;637.9,581.0;637.9,603.0;605.9,603.0",,621.8,592.0
POS_SCI_AUTO_154,DKU_SCI2_5_507,635.7,581.0,32.0,22.0,"635.7,581.0;667.7,581.0;667.7,603.0;635.7,603.0",,651.6,592.0
POS_SCI_AUTO_155,DKU_SCI2_5_508,669.0,581.0,32.0,22.0,"669.0,581.0;701.0,581.0;701.0,603.0;669.0,603.0",,685.0,592.0
POS_SCI_AUTO_156,DKU_SCI2_5_509,807.2,581.0,32.0,22.0,"807.2,581.0;839.2,581.0;839.2,603.0;807.2,603.0",,823.2,592.0
POS_SCI_AUTO_157,DKU_SCI2_5_510,837.5,581.0,32.0,22.0,"837.5,581.0;869.5,581.0;869.5,603.0;837.5,603.0",,853.4,592.0
POS_SCI_AUTO_158,DKU_SCI2_5_511,868.8,580.9,32.0,22.0,"868.8,580.9;900.8,580.9;900.8,602.9;868.8,602.9",,884.8,591.9
POS_SCI_AUTO_159,DKU_SCI2_5_512,899.0,581.0,32.0,22.0,"899.0,581.0;931.0,581.0;931.0,603.0;899.0,603.0",,915.0,592.0
POS_SCI_AUTO_160,DKU_SCI2_5_513,898.9,496.3,32.0,22.0,"898.9,496.3;930.9,496.3;930.9,518.3;898.9,518.3",,914.9,507.3
POS_SCI_AUTO_161,DKU_SCI2_5_514,867.5,496.3,32.0,22.0,"867.5,496.3;899.5,496.3;899.5,518.3;867.5,518.3",,883.5,507.3
POS_SCI_AUTO_162,DKU_SCI2_5_515,837.5,496.3,32.0,22.0,"837.5,496.3;869.5,496.3;869.5,518.3;837.5,518.3",,853.4,507.3
POS_SCI_AUTO_163,DKU_SCI2_5_516,807.1,496.3,32.0,22.0,"807.1,496.3;839.1,496.3;839.1,518.3;807.1,518.3",,823.1,507.3
POS_SCI_AUTO_164,DKU_SCI2_5_517,777.2,496.3,32.0,22.0,"777.2,496.3;809.2,496.3;809.2,518.3;777.2,518.3",,793.2,507.3
POS_SCI_AUTO_165,DKU_SCI2_5_518,667.9,496.3,32.0,22.0,"667.9,496.3;699.9,496.3;699.9,518.3;667.9,518.3",,683.8,507.3
POS_SCI_AUTO_166,DKU_SCI2_5_519,635.5,496.3,32.0,22.0,"635.5,496.3;667.5,496.3;667.5,518.3;635.5,518.3",,651.5,507.3
POS_SCI_AUTO_167,DKU_SCI2_5_520,593.0,496.3,32.0,22.0,"593.0,496.3;625.0,496.3;625.0,518.3;593.0,518.3",,609.0,507.3
POS_SCI_AUTO_168,DKU_SCI2_5_521,502.1,496.3,32.0,22.0,"502.1,496.3;534.1,496.3;534.1,518.3;502.1,518.3",,518.1,507.3
POS_SCI_AUTO_169,DKU_SCI2_5_522,369.4,496.3,32.0,22.0,"369.4,496.3;401.4,496.3;401.4,518.3;369.4,518.3",,385.4,507.3
POS_SCI_AUTO_170,DKU_SCI2_5_523,350.3,355.7,32.0,22.0,"350.3,355.7;382.3,355.7;382.3,377.7;350.3,377.7",,366.3,366.7
POS_SCI_AUTO_171,DKU_SCI2_5_524,350.3,239.2,32.0,22.0,"350.3,239.2;382.3,239.2;382.3,261.2;350.3,261.2",,366.3,250.2
POS_SCI_AUTO_172,DKU_SCI2_5_525,257.3,206.4,32.0,22.0,"257.3,206.4;289.3,206.4;289.3,228.4;257.3,228.4",,273.3,217.4
POS_SCI_AUTO_173,DKU_SCI2_5_526,257.3,273.2,32.0,22.0,"257.3,273.2;289.3,273.2;289.3,295.2;257.3,295.2",,273.3,284.2
POS_SCI_AUTO_174,DKU_SCI2_5_527,257.3,328.1,32.0,22.0,"257.3,328.1;289.3,328.1;289.3,350.1;257.3,350.1",,273.3,339.1
POS_SCI_AUTO_175,DKU_SCI2_5_528,257.3,388.4,32.0,22.0,"257.3,388.4;289.3,388.4;289.3,410.4;257.3,410.4",,273.3,399.4
POS_SCI_AUTO_176,DKU_SCI3_1_101,847.2,427.1,31.7,22.0,"847.2,427.1;878.9000000000001,427.1;878.9000000000001,449.1;847.2,449.1",,863.0,438.1
POS_SCI_AUTO_177,DKU_SCI3_1_102,845.9,348.7,31.7,22.0,"845.9,348.7;877.6,348.7;877.6,370.7;845.9,370.7",,861.8,359.7
POS_SCI_AUTO_178,DKU_SCI3_1_103,766.9,348.7,31.7,22.0,"766.9,348.7;798.6,348.7;798.6,370.7;766.9,370.7",,782.7,359.7
POS_SCI_AUTO_179,DKU_SCI3_1_104,629.1,348.7,31.7,22.0,"629.1,348.7;660.8000000000001,348.7;660.8000000000001,370.7;629.1,370.7",,645.0,359.7
POS_SCI_AUTO_180,DKU_SCI3_1_105,536.1,348.7,31.7,22.0,"536.1,348.7;567.8000000000001,348.7;567.8000000000001,370.7;536.1,370.7",,552.0,359.7
POS_SCI_AUTO_181,DKU_SCI3_1_106,445.2,348.7,31.7,22.0,"445.2,348.7;476.9,348.7;476.9,370.7;445.2,370.7",,461.1,359.7
POS_SCI_AUTO_182,DKU_SCI3_1_107,342.3,348.7,31.7,22.0,"342.3,348.7;374.0,348.7;374.0,370.7;342.3,370.7",,358.1,359.7
POS_SCI_AUTO_183,DKU_SCI3_1_108,348.3,427.1,31.7,22.0,"348.3,427.1;380.0,427.1;380.0,449.1;348.3,449.1",,364.2,438.1
POS_SCI_AUTO_184,DKU_SCI3_1_109,445.5,427.1,31.7,22.0,"445.5,427.1;477.2,427.1;477.2,449.1;445.5,449.1",,461.4,438.1
POS_SCI_AUTO_185,DKU_SCI3_1_110,537.0,427.1,31.7,22.0,"537.0,427.1;568.7,427.1;568.7,449.1;537.0,449.1",,552.9,438.1
POS_SCI_AUTO_186,DKU_SCI3_1_111,647.4,427.1,31.7,22.0,"647.4,427.1;679.1,427.1;679.1,449.1;647.4,449.1",,663.2,438.1
POS_SCI_AUTO_187,DKU_SCI3_2_201,306.9,589.1,32.0,22.0,"306.9,589.1;338.9,589.1;338.9,611.1;306.9,611.1",,322.8,600.1
POS_SCI_AUTO_188,DKU_SCI3_2_202,348.2,589.1,32.0,22.0,"348.2,589.1;380.2,589.1;380.2,611.1;348.2,611.1",,364.2,600.1
POS_SCI_AUTO_189,DKU_SCI3_2_203,408.5,589.1,32.0,22.0,"408.5,589.1;440.5,589.1;440.5,611.1;408.5,611.1",,424.5,600.1
POS_SCI_AUTO_190,DKU_SCI3_2_204,499.7,589.1,32.0,22.0,"499.7,589.1;531.7,589.1;531.7,611.1;499.7,611.1",,515.7,600.1
POS_SCI_AUTO_191,DKU_SCI3_2_205,593.3,589.1,32.0,22.0,"593.3,589.1;625.3,589.1;625.3,611.1;593.3,611.1",,609.3,600.1
POS_SCI_AUTO_192,DKU_SCI3_2_206,654.6,589.1,32.0,22.0,"654.6,589.1;686.6,589.1;686.6,611.1;654.6,611.1",,670.6,600.1
POS_SCI_AUTO_193,DKU_SCI3_2_207,708.5,589.1,32.0,22.0,"708.5,589.1;740.5,589.1;740.5,611.1;708.5,611.1",,724.5,600.1
POS_SCI_AUTO_194,DKU_SCI3_2_208,810.5,589.1,32.0,22.0,"810.5,589.1;842.5,589.1;842.5,611.1;810.5,611.1",,826.5,600.1
POS_SCI_AUTO_195,DKU_SCI3_2_209,839.0,589.1,32.0,22.0,"839.0,589.1;871.0,589.1;871.0,611.1;839.0,611.1",,855.0,600.1
POS_SCI_AUTO_196,DKU_SCI3_2_210,869.7,589.1,32.0,22.0,"869.7,589.1;901.7,589.1;901.7,611.1;869.7,611.1",,885.6,600.1
POS_SCI_AUTO_197,DKU_SCI3_2_211,901.5,589.3,32.0,22.0,"901.5,589.3;933.5,589.3;933.5,611.3;901.5,611.3",,917.4,600.3
POS_SCI_AUTO_198,DKU_SCI3_2_212,900.3,502.6,32.0,22.0,"900.3,502.6;932.3,502.6;932.3,524.6;900.3,524.6",,916.3,513.6
POS_SCI_AUTO_199,DKU_SCI3_2_213,869.5,502.5,32.0,22.0,"869.5,502.5;901.5,502.5;901.5,524.5;869.5,524.5",,885.5,513.5
POS_SCI_AUTO_200,DKU_SCI3_2_214,838.9,502.6,32.0,22.0,"838.9,502.6;870.9,502.6;870.9,524.6;838.9,524.6",,854.9,513.6
POS_SCI_AUTO_201,DKU_SCI3_2_215,808.0,502.5,32.0,22.0,"808.0,502.5;840.0,502.5;840.0,524.5;808.0,524.5",,823.9,513.5
POS_SCI_AUTO_202,DKU_SCI3_2_216,778.3,502.5,32.0,22.0,"778.3,502.5;810.3,502.5;810.3,524.5;778.3,524.5",,794.3,513.5
POS_SCI_AUTO_203,DKU_SCI3_2_217,659.0,502.6,32.0,22.0,"659.0,502.6;691.0,502.6;691.0,524.6;659.0,524.6",,675.0,513.6
POS_SCI_AUTO_204,DKU_SCI3_2_218,563.4,502.5,32.0,22.0,"563.4,502.5;595.4,502.5;595.4,524.5;563.4,524.5",,579.4,513.5
POS_SCI_AUTO_205,DKU_SCI3_2_219,469.8,514.6,32.0,22.0,"469.8,514.6;501.8,514.6;501.8,536.6;469.8,536.6",,485.7,525.6
POS_SCI_AUTO_206,DKU_SCI3_2_220,408.6,502.5,32.0,22.0,"408.6,502.5;440.6,502.5;440.6,524.5;408.6,524.5",,424.6,513.5
POS_SCI_AUTO_207,DKU_SCI3_2_221,354.2,396.4,32.0,22.0,"354.2,396.4;386.2,396.4;386.2,418.4;354.2,418.4",,370.2,407.4
POS_SCI_AUTO_208,DKU_SCI3_2_222,352.9,335.6,32.0,22.0,"352.9,335.6;384.9,335.6;384.9,357.6;352.9,357.6",,368.9,346.6
POS_SCI_AUTO_209,DKU_SCI3_2_223,352.9,245.9,32.0,22.0,"352.9,245.9;384.9,245.9;384.9,267.9;352.9,267.9",,368.9,256.9
POS_SCI_AUTO_210,DKU_SCI3_2_224,273.5,211.6,32.0,22.0,"273.5,211.6;305.5,211.6;305.5,233.6;273.5,233.6",,289.5,222.6
POS_SCI_AUTO_211,DKU_SCI3_2_224_1,240.6,211.7,41.3,22.0,"240.6,211.7;281.9,211.7;281.9,233.7;240.6,233.7",,261.2,222.7
POS_SCI_AUTO_212,DKU_SCI3_2_225,257.4,274.3,32.0,22.0,"257.4,274.3;289.4,274.3;289.4,296.3;257.4,296.3",,273.4,285.3
POS_SCI_AUTO_213,DKU_SCI3_2_226,257.4,333.9,32.0,22.0,"257.4,333.9;289.4,333.9;289.4,355.9;257.4,355.9",,273.4,344.9
POS_SCI_AUTO_214,DKU_SCI3_2_227,257.4,396.4,32.0,22.0,"257.4,396.4;289.4,396.4;289.4,418.4;257.4,418.4",,273.4,407.4
POS_SCI_AUTO_215,DKU_SCI3_3_305_1,653.2,599.8,41.3,22.0,"653.2,599.8;694.5,599.8;694.5,621.8;653.2,621.8",,673.8,610.8
POS_SCI_AUTO_216,DKU_SCI3_3_305_2,683.5,580.4,41.3,22.0,"683.5,580.4;724.8,580.4;724.8,602.4;683.5,602.4",,704.2,591.4
POS_SCI_AUTO_217,DKU_SCI3_3_305_3,682.5,615.7,41.3,22.0,"682.5,615.7;723.8,615.7;723.8,637.7;682.5,637.7",,703.2,626.7
POS_SCI_AUTO_218,DKU_SCI3_3_315_1,667.0,500.3,41.3,22.0,"667.0,500.3;708.3,500.3;708.3,522.3;667.0,522.3",,687.6,511.3
POS_SCI_AUTO_219,DKU_SCI3_3_321_1,268.4,329.2,41.3,22.0,"268.4,329.2;309.7,329.2;309.7,351.2;268.4,351.2",,289.0,340.2
POS_SCI_AUTO_220,DKU_SCI3_4_401,308.4,586.6,32.0,22.0,"308.4,586.6;340.4,586.6;340.4,608.6;308.4,608.6",,324.4,597.6
POS_SCI_AUTO_221,DKU_SCI3_4_402,375.3,586.6,32.0,22.0,"375.3,586.6;407.3,586.6;407.3,608.6;375.3,608.6",,391.3,597.6
POS_SCI_AUTO_222,DKU_SCI3_4_403,469.9,586.6,32.0,22.0,"469.9,586.6;501.9,586.6;501.9,608.6;469.9,608.6",,485.9,597.6
POS_SCI_AUTO_223,DKU_SCI3_4_404,530.3,586.6,32.0,22.0,"530.3,586.6;562.3,586.6;562.3,608.6;530.3,608.6",,546.3,597.6
POS_SCI_AUTO_224,DKU_SCI3_4_405,624.7,586.6,32.0,22.0,"624.7,586.6;656.7,586.6;656.7,608.6;624.7,608.6",,640.7,597.6
POS_SCI_AUTO_225,DKU_SCI3_4_406,810.0,586.6,32.0,22.0,"810.0,586.6;842.0,586.6;842.0,608.6;810.0,608.6",,825.9,597.6
POS_SCI_AUTO_226,DKU_SCI3_4_407,840.6,586.6,32.0,22.0,"840.6,586.6;872.6,586.6;872.6,608.6;840.6,608.6",,856.6,597.6
POS_SCI_AUTO_227,DKU_SCI3_4_408,871.1,586.6,32.0,22.0,"871.1,586.6;903.1,586.6;903.1,608.6;871.1,608.6",,887.1,597.6
POS_SCI_AUTO_228,DKU_SCI3_4_409,901.7,586.6,32.0,22.0,"901.7,586.6;933.7,586.6;933.7,608.6;901.7,608.6",,917.7,597.6
POS_SCI_AUTO_229,DKU_SCI3_4_410,901.9,499.9,32.0,22.0,"901.9,499.9;933.9,499.9;933.9,521.9;901.9,521.9",,917.9,510.9
POS_SCI_AUTO_230,DKU_SCI3_4_411,872.2,499.9,32.0,22.0,"872.2,499.9;904.2,499.9;904.2,521.9;872.2,521.9",,888.2,510.9
POS_SCI_AUTO_231,DKU_SCI3_4_412,840.6,500.0,32.0,22.0,"840.6,500.0;872.6,500.0;872.6,522.0;840.6,522.0",,856.6,511.0
POS_SCI_AUTO_232,DKU_SCI3_4_413,809.5,499.9,32.0,22.0,"809.5,499.9;841.5,499.9;841.5,521.9;809.5,521.9",,825.5,510.9
POS_SCI_AUTO_233,DKU_SCI3_4_414,779.7,499.9,32.0,22.0,"779.7,499.9;811.7,499.9;811.7,521.9;779.7,521.9",,795.7,510.9
POS_SCI_AUTO_234,DKU_SCI3_4_415,624.7,499.7,32.0,22.0,"624.7,499.7;656.7,499.7;656.7,521.7;624.7,521.7",,640.7,510.7
POS_SCI_AUTO_235,DKU_SCI3_4_416,528.2,499.9,32.0,22.0,"528.2,499.9;560.2,499.9;560.2,521.9;528.2,521.9",,544.2,510.9
POS_SCI_AUTO_236,DKU_SCI3_4_417,470.5,499.9,32.0,22.0,"470.5,499.9;502.5,499.9;502.5,521.9;470.5,521.9",,486.5,510.9
POS_SCI_AUTO_237,DKU_SCI3_4_418,372.0,499.9,32.0,22.0,"372.0,499.9;404.0,499.9;404.0,521.9;372.0,521.9",,388.0,510.9
POS_SCI_AUTO_238,DKU_SCI3_4_419,353.6,395.8,32.0,22.0,"353.6,395.8;385.6,395.8;385.6,417.8;353.6,417.8",,369.6,406.8
POS_SCI_AUTO_239,DKU_SCI3_4_420,353.6,333.8,32.0,22.0,"353.6,333.8;385.6,333.8;385.6,355.8;353.6,355.8",,369.6,344.8
POS_SCI_AUTO_240,DKU_SCI3_4_421,354.8,272.2,32.0,22.0,"354.8,272.2;386.8,272.2;386.8,294.2;354.8,294.2",,370.7,283.2
POS_SCI_AUTO_241,DKU_SCI3_4_422,353.6,226.0,32.0,22.0,"353.6,226.0;385.6,226.0;385.6,248.0;353.6,248.0",,369.6,237.0
POS_SCI_AUTO_242,DKU_SCI3_4_422_1,347.2,193.9,41.3,22.0,"347.2,193.9;388.5,193.9;388.5,215.9;347.2,215.9",,367.8,204.9
POS_SCI_AUTO_243,DKU_SCI3_4_423,262.3,244.2,32.0,22.0,"262.3,244.2;294.3,244.2;294.3,266.2;262.3,266.2",,278.2,255.2
POS_SCI_AUTO_244,DKU_SCI3_4_424,259.3,365.4,32.0,22.0,"259.3,365.4;291.3,365.4;291.3,387.4;259.3,387.4",,275.2,376.4
POS_SCI_AUTO_245,DKU_SCI3_5_501,308.9,575.7,32.0,22.0,"308.9,575.7;340.9,575.7;340.9,597.7;308.9,597.7",,324.8,586.7
POS_SCI_AUTO_246,DKU_SCI3_5_502,364.9,575.9,32.0,22.0,"364.9,575.9;396.9,575.9;396.9,597.9;364.9,597.9",,380.9,586.9
POS_SCI_AUTO_247,DKU_SCI3_5_503,458.4,575.9,32.0,22.0,"458.4,575.9;490.4,575.9;490.4,597.9;458.4,597.9",,474.3,586.9
POS_SCI_AUTO_248,DKU_SCI3_5_504,548.3,575.7,32.0,22.0,"548.3,575.7;580.3,575.7;580.3,597.7;548.3,597.7",,564.3,586.7
POS_SCI_AUTO_249,DKU_SCI3_5_505,640.1,575.7,32.0,22.0,"640.1,575.7;672.1,575.7;672.1,597.7;640.1,597.7",,656.1,586.7
POS_SCI_AUTO_250,DKU_SCI3_5_506,810.0,575.9,32.0,22.0,"810.0,575.9;842.0,575.9;842.0,597.9;810.0,597.9",,825.9,586.9
POS_SCI_AUTO_251,DKU_SCI3_5_507,840.6,575.7,32.0,22.0,"840.6,575.7;872.6,575.7;872.6,597.7;840.6,597.7",,856.6,586.7
POS_SCI_AUTO_252,DKU_SCI3_5_508,871.1,575.7,32.0,22.0,"871.1,575.7;903.1,575.7;903.1,597.7;871.1,597.7",,887.1,586.7
POS_SCI_AUTO_253,DKU_SCI3_5_509,901.7,575.7,32.0,22.0,"901.7,575.7;933.7,575.7;933.7,597.7;901.7,597.7",,917.7,586.7
POS_SCI_AUTO_254,DKU_SCI3_5_510,901.9,489.2,32.0,22.0,"901.9,489.2;933.9,489.2;933.9,511.2;901.9,511.2",,917.9,500.2
POS_SCI_AUTO_255,DKU_SCI3_5_511,872.2,489.1,32.0,22.0,"872.2,489.1;904.2,489.1;904.2,511.1;872.2,511.1",,888.2,500.1
POS_SCI_AUTO_256,DKU_SCI3_5_512,840.6,489.2,32.0,22.0,"840.6,489.2;872.6,489.2;872.6,511.2;840.6,511.2",,856.6,500.2
POS_SCI_AUTO_257,DKU_SCI3_5_513,809.5,489.2,32.0,22.0,"809.5,489.2;841.5,489.2;841.5,511.2;809.5,511.2",,825.5,500.2
POS_SCI_AUTO_258,DKU_SCI3_5_514,779.7,489.1,32.0,22.0,"779.7,489.1;811.7,489.1;811.7,511.1;779.7,511.1",,795.7,500.1
POS_SCI_AUTO_259,DKU_SCI3_5_515,638.5,489.1,32.0,22.0,"638.5,489.1;670.5,489.1;670.5,511.1;638.5,511.1",,654.5,500.1
POS_SCI_AUTO_260,DKU_SCI3_5_516,547.6,489.2,32.0,22.0,"547.6,489.2;579.6,489.2;579.6,511.2;547.6,511.2",,563.6,500.2
POS_SCI_AUTO_261,DKU_SCI3_5_517,457.2,489.1,32.0,22.0,"457.2,489.1;489.2,489.1;489.2,511.1;457.2,511.1",,473.2,500.1
POS_SCI_AUTO_262,DKU_SCI3_5_518,363.9,489.2,32.0,22.0,"363.9,489.2;395.9,489.2;395.9,511.2;363.9,511.2",,379.9,500.2
POS_SCI_AUTO_263,DKU_SCI3_5_519,353.5,351.7,32.0,22.0,"353.5,351.7;385.5,351.7;385.5,373.7;353.5,373.7",,369.4,362.7
POS_SCI_AUTO_264,DKU_SCI3_5_520,354.8,233.1,32.0,22.0,"354.8,233.1;386.8,233.1;386.8,255.1;354.8,255.1",,370.7,244.1
POS_SCI_AUTO_265,DKU_SCI3_5_521,259.3,231.5,32.0,22.0,"259.3,231.5;291.3,231.5;291.3,253.5;259.3,253.5",,275.2,242.5
POS_SCI_AUTO_266,DKU_SCI3_5_522,257.0,352.9,32.0,22.0,"257.0,352.9;289.0,352.9;289.0,374.9;257.0,374.9",,273.0,363.9
