,edge_id,from_node_id,to_node_id,edge_type
,ICT_3_E001,ICT_3_N001,ICT_3_N009,corridor
,ICT_3_E002,ICT_3_N009,ICT_3_N002,corridor
,ICT_3_E003,ICT_3_N002,ICT_3_N003,corridor
,ICT_3_E004,ICT_3_N003,ICT_3_N011,corridor
,ICT_3_E005,ICT_3_N011,ICT_3_N004,corridor
,ICT_3_E006,ICT_3_N004,ICT_3_N005,corridor
,ICT_3_E007,ICT_3_N005,ICT_3_N010,corridor
,ICT_3_E008,ICT_3_N005,ICT_3_N006,corridor
,ICT_3_E009,ICT_3_N011,ICT_3_N007,corridor
,ICT_3_E010,ICT_3_N011,ICT_3_N008,corridor
,ICT_4_E011,ICT_4_N012,ICT_4_N013,corridor
,ICT_4_E012,ICT_4_N013,ICT_4_N014,corridor
,ICT_4_E013,ICT_4_N014,ICT_4_N015,corridor
,ICT_4_E014,ICT_4_N015,ICT_4_N016,corridor
,ICT_4_E015,ICT_4_N016,ICT_4_N019,corridor
,ICT_4_E016,ICT_4_N019,ICT_4_N020,corridor
,ICT_4_E017,ICT_4_N020,ICT_4_N021,corridor
,ICT_4_E018,ICT_4_N016,ICT_4_N018,corridor
,ICT_4_E019,ICT_4_N016,ICT_4_N017,corridor
,ICT_4_E020,ICT_4_N020,ICT_4_N022,corridor
,ICT_34_E001,ICT_3_N001,ICT_4_N012,stair
,ICT_34_E002,ICT_3_N006,ICT_4_N017,stair
,ICT_34_E003,ICT_3_N007,ICT_4_N018,elevator
,ICT_34_E004,ICT_3_N011,ICT_4_N022,stair
,ICT_5_E021,ICT_5_N023,ICT_5_N024,corridor
,ICT_5_E022,ICT_5_N024,ICT_5_N025,corridor
,ICT_5_E023,ICT_5_N025,ICT_5_N026,corridor
,ICT_5_E024,ICT_5_N026,ICT_5_N027,corridor
,ICT_5_E025,ICT_5_N027,ICT_5_N030,corridor
,ICT_5_E026,ICT_5_N030,ICT_5_N031,corridor
,ICT_5_E027,ICT_5_N031,ICT_5_N032,corridor
,ICT_5_E028,ICT_5_N027,ICT_5_N028,corridor
,ICT_5_E029,ICT_5_N027,ICT_5_N029,corridor
,ICT_5_E030,ICT_5_N031,ICT_5_N033,corridor
,ICT_45_E005,ICT_4_N012,ICT_5_N023,stair
,ICT_45_E006,ICT_4_N017,ICT_5_N028,stair
,ICT_45_E007,ICT_4_N018,ICT_5_N029,elevator
,ICT_45_E008,ICT_4_N022,ICT_5_N033,stair
,ICT_2_E031,ICT_2_N034,ICT_2_N035,corridor
,ICT_2_E032,ICT_2_N035,ICT_2_N036,corridor
,ICT_2_E033,ICT_2_N036,ICT_2_N037,corridor
,ICT_2_E034,ICT_2_N037,ICT_2_N038,corridor
,ICT_2_E035,ICT_2_N038,ICT_2_N041,corridor
,ICT_2_E036,ICT_2_N041,ICT_2_N042,corridor
,ICT_2_E037,ICT_2_N042,ICT_2_N043,corridor
,ICT_2_E038,ICT_2_N038,ICT_2_N039,corridor
,ICT_2_E039,ICT_2_N038,ICT_2_N040,corridor
,ICT_2_E040,ICT_2_N042,ICT_2_N044,corridor
,ICT_2_E041,ICT_2_N035,ICT_2_N045,corridor
,ICT_23_E009,ICT_2_N034,ICT_3_N001,stair
,ICT_23_E010,ICT_2_N039,ICT_3_N006,stair
,ICT_23_E011,ICT_2_N040,ICT_3_N007,elevator
,ICT_23_E012,ICT_2_N044,ICT_3_N011,stair
,ICT_1_E042,ICT_1_N046,ICT_1_N047,corridor
,ICT_1_E043,ICT_1_N047,ICT_1_N061,corridor
,ICT_1_E044,ICT_1_N061,ICT_1_N048,corridor
,ICT_1_E045,ICT_1_N048,ICT_1_N049,corridor
,ICT_1_E046,ICT_1_N049,ICT_1_N050,corridor
,ICT_1_E047,ICT_1_N050,ICT_1_N053,corridor
,ICT_1_E048,ICT_1_N053,ICT_1_N054,corridor
,ICT_1_E049,ICT_1_N054,ICT_1_N055,corridor
,ICT_1_E050,ICT_1_N055,ICT_1_N056,corridor
,ICT_1_E051,ICT_1_N055,ICT_1_N057,corridor
,ICT_1_E052,ICT_1_N061,ICT_1_N060,corridor
,ICT_1_E053,ICT_1_N050,ICT_1_N051,corridor
,ICT_1_E054,ICT_1_N050,ICT_1_N052,corridor
,ICT_1_E055,ICT_1_N050,ICT_1_N059,corridor
,ICT_1_E056,ICT_1_N053,ICT_1_N058,corridor
,ICT_-1_E057,ICT_-1_N062,ICT_-1_N063,corridor
,ICT_-1_E058,ICT_-1_N063,ICT_-1_N064,corridor
,ICT_-1_E059,ICT_-1_N064,ICT_-1_N065,corridor
,ICT_-1_E060,ICT_-1_N065,ICT_-1_N066,corridor
,ICT_-1_E061,ICT_-1_N066,ICT_-1_N067,corridor
,ICT_-1_E062,ICT_-1_N066,ICT_-1_N068,corridor
,ICT_-1_E063,ICT_-1_N063,ICT_-1_N069,corridor
,ICT_12_E013,ICT_1_N046,ICT_2_N034,stair
,ICT_12_E014,ICT_1_N051,ICT_2_N039,stair
,ICT_12_E015,ICT_1_N052,ICT_2_N040,elevator
,ICT_12_E016,ICT_1_N057,ICT_2_N044,stair
,ICT_-11_E017,ICT_-1_N062,ICT_1_N046,stair
,ICT_-11_E018,ICT_-1_N067,ICT_1_N051,stair
,ICT_-11_E019,ICT_-1_N068,ICT_1_N052,elevator
,LIB_1_E001,LIB_1_N067,LIB_1_N068,corridor
,LIB_1_E002,LIB_1_N068,LIB_1_N069,corridor
,LIB_1_E003,LIB_1_N068,LIB_1_N073,corridor
,LIB_1_E004,LIB_1_N069,LIB_1_N071,corridor
,LIB_1_E005,LIB_1_N071,LIB_1_N072,corridor
,LIB_1_E006,LIB_1_N073,LIB_1_N074,corridor
,LIB_1_E007,LIB_1_N073,LIB_1_N076,corridor
,LIB_1_E008,LIB_1_N074,LIB_1_N075,corridor
,LIB_2_E009,LIB_2_N001,LIB_2_N002,corridor
,LIB_2_E010,LIB_2_N002,LIB_2_N003,corridor
,LIB_2_E011,LIB_2_N003,LIB_2_N004,corridor
,LIB_2_E012,LIB_2_N004,LIB_2_N005,corridor
,LIB_2_E013,LIB_2_N005,LIB_2_N006,corridor
,LIB_2_E014,LIB_2_N006,LIB_2_N007,corridor
,LIB_2_E015,LIB_2_N007,LIB_2_N008,corridor
,LIB_2_E016,LIB_2_N008,LIB_2_N009,corridor
,LIB_2_E017,LIB_2_N008,LIB_2_N010,corridor
,LIB_2_E018,LIB_2_N005,LIB_2_N011,corridor
,LIB_2_E019,LIB_2_N005,LIB_2_N012,corridor
,LIB_2_E020,LIB_2_N005,LIB_2_N013,corridor
,LIB_2_E021,LIB_2_N002,LIB_2_N015,corridor
,LIB_2_E022,LIB_2_N003,LIB_2_N014,corridor
,LIB_3_E023,LIB_3_N016,LIB_3_N017,corridor
,LIB_3_E024,LIB_3_N017,LIB_3_N018,corridor
,LIB_3_E025,LIB_3_N017,LIB_3_N019,corridor
,LIB_3_E026,LIB_3_N017,LIB_3_N020,corridor
,LIB_3_E027,LIB_3_N020,LIB_3_N021,corridor
,LIB_3_E028,LIB_3_N020,LIB_3_N022,corridor
,LIB_3_E029,LIB_3_N022,LIB_3_N023,corridor
,LIB_3_E030,LIB_3_N022,LIB_3_N024,corridor
,LIB_3_E031,LIB_3_N024,LIB_3_N025,corridor
,LIB_3_E032,LIB_3_N019,LIB_3_N026,corridor
,LIB_3_E033,LIB_3_N026,LIB_3_N030,corridor
,LIB_3_E034,LIB_3_N030,LIB_3_N031,corridor
,LIB_3_E035,LIB_3_N030,LIB_3_N027,corridor
,LIB_3_E036,LIB_3_N026,LIB_3_N028,corridor
,LIB_3_E037,LIB_3_N028,LIB_3_N029,corridor
,LIB_4_E038,LIB_4_N032,LIB_4_N033,corridor
,LIB_4_E039,LIB_4_N033,LIB_4_N034,corridor
,LIB_4_E040,LIB_4_N033,LIB_4_N036,corridor
,LIB_4_E041,LIB_4_N034,LIB_4_N035,corridor
,LIB_4_E042,LIB_4_N034,LIB_4_N041,corridor
,LIB_4_E043,LIB_4_N036,LIB_4_N037,corridor
,LIB_4_E044,LIB_4_N037,LIB_4_N038,corridor
,LIB_4_E045,LIB_4_N038,LIB_4_N039,corridor
,LIB_4_E046,LIB_4_N039,LIB_4_N040,corridor
,LIB_4_E047,LIB_4_N040,LIB_4_N042,corridor
,LIB_4_E048,LIB_4_N040,LIB_4_N041,corridor
,LIB_5_E049,LIB_5_N043,LIB_5_N044,corridor
,LIB_5_E050,LIB_5_N044,LIB_5_N045,corridor
,LIB_5_E051,LIB_5_N044,LIB_5_N047,corridor
,LIB_5_E052,LIB_5_N045,LIB_5_N046,corridor
,LIB_5_E053,LIB_5_N047,LIB_5_N048,corridor
,LIB_5_E054,LIB_5_N048,LIB_5_N049,corridor
,LIB_5_E055,LIB_5_N049,LIB_5_N050,corridor
,LIB_5_E056,LIB_5_N050,LIB_5_N051,corridor
,LIB_5_E057,LIB_5_N051,LIB_5_N052,corridor
,LIB_5_E058,LIB_5_N052,LIB_5_N053,corridor
,LIB_5_E059,LIB_5_N045,LIB_5_N053,corridor
,LIB_5_E060,LIB_5_N052,LIB_5_N054,corridor
,LIB_6_E061,LIB_6_N055,LIB_6_N056,corridor
,LIB_6_E062,LIB_6_N056,LIB_6_N057,corridor
,LIB_6_E063,LIB_6_N056,LIB_6_N059,corridor
,LIB_6_E064,LIB_6_N059,LIB_6_N060,corridor
,LIB_6_E065,LIB_6_N060,LIB_6_N061,corridor
,LIB_6_E066,LIB_6_N061,LIB_6_N062,corridor
,LIB_6_E067,LIB_6_N062,LIB_6_N063,corridor
,LIB_6_E068,LIB_6_N063,LIB_6_N064,corridor
,LIB_6_E069,LIB_6_N064,LIB_6_N065,corridor
,LIB_6_E070,LIB_6_N064,LIB_6_N066,corridor
,LIB_6_E071,LIB_6_N057,LIB_6_N065,corridor
,LIB_6_E072,LIB_6_N057,LIB_6_N058,corridor
,LIB_23_E001,LIB_2_N010,LIB_3_N025,stair
,LIB_23_E002,LIB_2_N015,LIB_3_N016,stair
,LIB_34_E003,LIB_3_N029,LIB_4_N042,stair
,LIB_34_E004,LIB_3_N027,LIB_4_N035,elevator
,LIB_45_E005,LIB_4_N042,LIB_5_N054,stair
,LIB_45_E006,LIB_4_N032,LIB_5_N043,stair
,LIB_45_E007,LIB_4_N035,LIB_5_N046,elevator
,LIB_56_E008,LIB_5_N043,LIB_6_N055,stair
,LIB_56_E009,LIB_5_N054,LIB_6_N066,stair
,LIB_56_E010,LIB_5_N046,LIB_6_N058,elevator
